{
  "method": "CNN-REG",
  "task": "regression_xy_inches",
  "setup": "June18",
  "sessionSet": "remap",
  "inputKind": "raw",
  "freqGrid": "native791",
  "preproc": "v2_no_session_mean",
  "adjustKey": "A3_Empty",
  "antennaMode": "all",
  "ports": [
    1,
    2,
    3,
    4
  ],
  "sparams": [
    "S11",
    "S12",
    "S13",
    "S14",
    "S21",
    "S22",
    "S23",
    "S24",
    "S31",
    "S32",
    "S33",
    "S34",
    "S41",
    "S42",
    "S43",
    "S44"
  ],
  "numRows": 32,
  "numSessions": 3,
  "sessionNames": [
    "BreastPhantom_A3_FishingWeight_20260618_1530",
    "BreastPhantom_A3_FishingWeight_20260618_1547",
    "BreastPhantom_A3_FishingWeight_20260618_1611"
  ],
  "numPositions": 51,
  "numAdjustedTargets": 0,
  "folds": [
    {
      "testSession": "BreastPhantom_A3_FishingWeight_20260618_1530",
      "trial": {
        "meanErrIn": 0.19953956541953005,
        "medianErrIn": 0.17034312288941597,
        "pctWithinHalfIn": 97.671568627450981,
        "pctWithin1In": 100
      },
      "position": {
        "meanErrIn": 0.19912346710338194,
        "medianErrIn": 0.16545753988297221,
        "pctWithinHalfIn": 98.0392156862745,
        "pctWithin1In": 100,
        "medianSpreadIn": 0.00971236148397477
      },
      "stratified": {
        "nearInsert": {
          "n": 0
        },
        "exterior": {
          "meanErrIn": 0.19912346710338194,
          "medianErrIn": 0.16545753988297221,
          "pctWithinHalfIn": 98.0392156862745,
          "pctWithin1In": 100,
          "medianSpreadIn": 0.00971236148397477,
          "n": 51
        }
      },
      "baselineCentroid": {
        "meanErrIn": 1.3904503658861882,
        "medianErrIn": 1.3417410805586698,
        "pctWithinHalfIn": 7.8431372549019605,
        "pctWithin1In": 23.52941176470588
      }
    },
    {
      "testSession": "BreastPhantom_A3_FishingWeight_20260618_1547",
      "trial": {
        "meanErrIn": 0.16740311007901834,
        "medianErrIn": 0.13127283985698585,
        "pctWithinHalfIn": 99.877450980392155,
        "pctWithin1In": 100
      },
      "position": {
        "meanErrIn": 0.16647025389994649,
        "medianErrIn": 0.1319617229774514,
        "pctWithinHalfIn": 100,
        "pctWithin1In": 100,
        "medianSpreadIn": 0.010714958603816126
      },
      "stratified": {
        "nearInsert": {
          "n": 0
        },
        "exterior": {
          "meanErrIn": 0.16647025389994649,
          "medianErrIn": 0.1319617229774514,
          "pctWithinHalfIn": 100,
          "pctWithin1In": 100,
          "medianSpreadIn": 0.010714958603816126,
          "n": 51
        }
      },
      "baselineCentroid": {
        "meanErrIn": 1.3904503658861882,
        "medianErrIn": 1.3417410805586698,
        "pctWithinHalfIn": 7.8431372549019605,
        "pctWithin1In": 23.52941176470588
      }
    },
    {
      "testSession": "BreastPhantom_A3_FishingWeight_20260618_1611",
      "trial": {
        "meanErrIn": 0.17545721894615954,
        "medianErrIn": 0.1649941380993209,
        "pctWithinHalfIn": 100,
        "pctWithin1In": 100
      },
      "position": {
        "meanErrIn": 0.1751841338948098,
        "medianErrIn": 0.1637864840860932,
        "pctWithinHalfIn": 100,
        "pctWithin1In": 100,
        "medianSpreadIn": 0.0088104432346311559
      },
      "stratified": {
        "nearInsert": {
          "n": 0
        },
        "exterior": {
          "meanErrIn": 0.1751841338948098,
          "medianErrIn": 0.1637864840860932,
          "pctWithinHalfIn": 100,
          "pctWithin1In": 100,
          "medianSpreadIn": 0.0088104432346311559,
          "n": 51
        }
      },
      "baselineCentroid": {
        "meanErrIn": 1.3904503658861882,
        "medianErrIn": 1.3417410805586698,
        "pctWithinHalfIn": 7.8431372549019605,
        "pctWithin1In": 23.52941176470588
      }
    }
  ],
  "losoTrialMeanErr": [
    0.18079996481490265,
    0.016721143517315271
  ],
  "losoTrialMedianErr": [
    0.15553670028190755,
    0.02118263679552735
  ],
  "losoPosMeanErr": [
    0.18025928496604607,
    0.016907866569267568
  ],
  "losoPosMedianErr": [
    0.15373524898217228,
    0.018874928685368924
  ],
  "losoPosPctHalfIn": [
    99.346405228758158,
    1.1320593513522117
  ],
  "losoPosPct1In": [
    100,
    0
  ],
  "losoPosMedianSpread": [
    0.0097459211074740169,
    0.00095270109904024923
  ],
  "losoNearInsertMedianErr": [
    null,
    null
  ],
  "losoNearInsertPctHalfIn": [
    null,
    null
  ],
  "losoNearInsertMedianSpread": [
    null,
    null
  ],
  "losoExteriorMedianErr": [
    0.15373524898217228,
    0.018874928685368924
  ],
  "losoExteriorPctHalfIn": [
    99.346405228758158,
    1.1320593513522117
  ],
  "losoExteriorMedianSpread": [
    0.0097459211074740169,
    0.00095270109904024923
  ],
  "losoCentroidMedianErr": [
    1.3417410805586698,
    0
  ],
  "perPosition": [
    {
      "label": "R1C3P3",
      "x": 2.875,
      "y": 0.875,
      "predX": 2.7706336577733359,
      "predY": 0.8671629627545675,
      "medianErrIn": 0.11571628709834671,
      "spreadIn": 0.016288597307044125,
      "nearInsert": false
    },
    {
      "label": "R1C3P4",
      "x": 2.125,
      "y": 0.875,
      "predX": 2.0127836465835571,
      "predY": 0.84382160504659021,
      "medianErrIn": 0.12096239879195218,
      "spreadIn": 0.0079728064313651075,
      "nearInsert": false
    },
    {
      "label": "R1C4P3",
      "x": 3.875,
      "y": 0.875,
      "predX": 3.6310453812281289,
      "predY": 0.90513310829798377,
      "medianErrIn": 0.24844598862358333,
      "spreadIn": 0.014213711167492808,
      "nearInsert": false
    },
    {
      "label": "R1C4P4",
      "x": 3.125,
      "y": 0.875,
      "predX": 2.972207466761271,
      "predY": 0.87842786312103271,
      "medianErrIn": 0.15891330360643025,
      "spreadIn": 0.010201975709656962,
      "nearInsert": false
    },
    {
      "label": "R2C2P2",
      "x": 1.875,
      "y": 1.125,
      "predX": 1.850545088450114,
      "predY": 1.1125627358754475,
      "medianErrIn": 0.098587520503171919,
      "spreadIn": 0.0099902158383098783,
      "nearInsert": false
    },
    {
      "label": "R2C2P3",
      "x": 1.875,
      "y": 1.875,
      "predX": 1.8460884888966878,
      "predY": 1.7818734049797058,
      "medianErrIn": 0.11747882037850164,
      "spreadIn": 0.0063725510337679413,
      "nearInsert": false
    },
    {
      "label": "R2C3P1",
      "x": 2.125,
      "y": 1.125,
      "predX": 2.0427622397740683,
      "predY": 1.1153402328491211,
      "medianErrIn": 0.090725938002303927,
      "spreadIn": 0.0069219072279544033,
      "nearInsert": false
    },
    {
      "label": "R2C3P2",
      "x": 2.875,
      "y": 1.125,
      "predX": 2.6995152632395425,
      "predY": 1.0619407296180725,
      "medianErrIn": 0.18842445669865415,
      "spreadIn": 0.0084767202953820644,
      "nearInsert": false
    },
    {
      "label": "R2C3P3",
      "x": 2.875,
      "y": 1.875,
      "predX": 2.7344281673431396,
      "predY": 1.7847153743108113,
      "medianErrIn": 0.17409058247839096,
      "spreadIn": 0.0082114157529016036,
      "nearInsert": false
    },
    {
      "label": "R2C3P4",
      "x": 2.125,
      "y": 1.875,
      "predX": 2.0728625059127808,
      "predY": 1.8529987732569377,
      "medianErrIn": 0.11125060794114638,
      "spreadIn": 0.0062529672800258852,
      "nearInsert": false
    },
    {
      "label": "R2C4P1",
      "x": 3.125,
      "y": 1.125,
      "predX": 2.9892732699712119,
      "predY": 1.115192989508311,
      "medianErrIn": 0.1779805537399286,
      "spreadIn": 0.0080414270947599953,
      "nearInsert": false
    },
    {
      "label": "R2C4P2",
      "x": 3.875,
      "y": 1.125,
      "predX": 3.637548247973124,
      "predY": 1.1232378085454304,
      "medianErrIn": 0.24498775655082397,
      "spreadIn": 0.010924456177156825,
      "nearInsert": false
    },
    {
      "label": "R2C4P3",
      "x": 3.875,