{
  "method": "CNN-REG",
  "task": "regression_xy_inches",
  "setup": "A3_F5_SamMed",
  "sessionSet": "last3",
  "inputKind": "raw",
  "freqGrid": "native791",
  "preproc": "v2_no_session_mean",
  "adjustKey": "A3_F5",
  "antennaMode": "refl",
  "ports": [
    1,
    2,
    3,
    4
  ],
  "sparams": [
    "S11",
    "S22",
    "S33",
    "S44"
  ],
  "numRows": 8,
  "numSessions": 3,
  "sessionNames": [
    "BreastPhantom_A3_F5_FishingWeight_20260703_1432",
    "BreastPhantom_A3_F5_FishingWeight_20260703_1454",
    "BreastPhantom_A3_F5_FishingWeight_20260703_1516"
  ],
  "numPositions": 33,
  "numAdjustedTargets": 9,
  "folds": [
    {
      "testSession": "BreastPhantom_A3_F5_FishingWeight_20260703_1432",
      "trial": {
        "meanErrIn": 0.368779724078799,
        "medianErrIn": 0.339662101162567,
        "pctWithinHalfIn": 74.621212121212125,
        "pctWithin1In": 100
      },
      "position": {
        "meanErrIn": 0.359452035966991,
        "medianErrIn": 0.35689155127238359,
        "pctWithinHalfIn": 72.727272727272734,
        "pctWithin1In": 100,
        "medianSpreadIn": 0.079289560121292679
      },
      "stratified": {
        "nearInsert": {
          "meanErrIn": 0.33647620805945894,
          "medianErrIn": 0.33925663687061719,
          "pctWithinHalfIn": 100,
          "pctWithin1In": 100,
          "medianSpreadIn": 0.053493865411043541,
          "n": 9
        },
        "exterior": {
          "meanErrIn": 0.36806797143231557,
          "medianErrIn": 0.36999571956855826,
          "pctWithinHalfIn": 62.5,
          "pctWithin1In": 100,
          "medianSpreadIn": 0.10792643226300652,
          "n": 24
        }
      },
      "baselineCentroid": {
        "meanErrIn": 1.4122188676760945,
        "medianErrIn": 1.3045849781082115,
        "pctWithinHalfIn": 9.0909090909090917,
        "pctWithin1In": 27.27272727272727
      }
    },
    {
      "testSession": "BreastPhantom_A3_F5_FishingWeight_20260703_1454",
      "trial": {
        "meanErrIn": 0.48350540049953428,
        "medianErrIn": 0.39247700508046013,
        "pctWithinHalfIn": 63.4469696969697,
        "pctWithin1In": 92.045454545454547
      },
      "position": {
        "meanErrIn": 0.47991670340487291,
        "medianErrIn": 0.37047081730990361,
        "pctWithinHalfIn": 63.636363636363633,
        "pctWithin1In": 93.939393939393938,
        "medianSpreadIn": 0.051311670143885928
      },
      "stratified": {
        "nearInsert": {
          "meanErrIn": 0.45781387652562,
          "medianErrIn": 0.36405547862255783,
          "pctWithinHalfIn": 77.777777777777786,
          "pctWithin1In": 88.888888888888886,
          "medianSpreadIn": 0.05024800639471072,
          "n": 9
        },
        "exterior": {
          "meanErrIn": 0.48820526348459281,
          "medianErrIn": 0.37576546779714448,
          "pctWithinHalfIn": 58.333333333333336,
          "pctWithin1In": 95.833333333333343,
          "medianSpreadIn": 0.064817998538585872,
          "n": 24
        }
      },
      "baselineCentroid": {
        "meanErrIn": 1.4122188676760945,
        "medianErrIn": 1.3045849781082115,
        "pctWithinHalfIn": 9.0909090909090917,
        "pctWithin1In": 27.27272727272727
      }
    },
    {
      "testSession": "BreastPhantom_A3_F5_FishingWeight_20260703_1516",
      "trial": {
        "meanErrIn": 0.39281003837409018,
        "medianErrIn": 0.32091305088359634,
        "pctWithinHalfIn": 73.86363636363636,
        "pctWithin1In": 95.075757575757578
      },
      "position": {
        "meanErrIn": 0.39157503912797376,
        "medianErrIn": 0.29003602418394842,
        "pctWithinHalfIn": 72.727272727272734,
        "pctWithin1In": 93.939393939393938,
        "medianSpreadIn": 0.055670221913902272
      },
      "stratified": {
        "nearInsert": {
          "meanErrIn": 0.49621716592037163,
          "medianErrIn": 0.3624831617520885,
          "pctWithinHalfIn": 77.777777777777786,
          "pctWithin1In": 77.777777777777786,
          "medianSpreadIn": 0.050103660431959893,
          "n": 9
        },
        "exterior": {
          "meanErrIn": 0.3523342415808246,
          "medianErrIn": 0.273842371794374,
          "pctWithinHalfIn": 70.833333333333343,
          "pctWithin1In": 100,
          "medianSpreadIn": 0.0690423392892626,
          "n": 24
        }
      },
      "baselineCentroid": {
        "meanErrIn": 1.4122188676760945,
        "medianErrIn": 1.3045849781082115,
        "pctWithinHalfIn": 9.0909090909090917,
        "pctWithin1In": 27.27272727272727
      }
    }
  ],
  "losoTrialMeanErr": [
    0.41503172098414115,
    0.060504938567568146
  ],
  "losoTrialMedianErr": [
    0.35101738570887447,
    0.037108715289247238
  ],
  "losoPosMeanErr": [
    0.4103145928332792,
    0.062380382974420674
  ],
  "losoPosMedianErr": [
    0.33913279758874521,
    0.043057740135786352
  ],
  "losoPosPctHalfIn": [
    69.6969696969697,
    5.2486388108147848
  ],
  "losoPosPct1In": [
    95.959595959595958,
    3.4990925405431876
  ],
  "losoPosMedianSpread": [
    0.062090484059693633,
    0.015053418429462471
  ],
  "losoNearInsertMedianErr": [
    0.3552650924150878,
    0.013886001288159252
  ],
  "losoNearInsertPctHalfIn": [
    85.185185185185176,
    12.830005981991679
  ],
  "losoNearInsertMedianSpread": [
    0.051281844079238047,
    0.0019170257480045788
  ],
  "losoExteriorMedianErr": [
    0.33986785305335893,
    0.0572524727000131
  ],
  "losoExteriorPctHalfIn": [
    63.888888888888893,
    6.3646884652164486
  ],
  "losoExteriorMedianSpread": [
    0.080595590030285,
    0.023763258752891887
  ],
  "losoCentroidMedianErr": [
    1.3045849781082115,
    0
  ],
  "perPosition": [
    {
      "label": "R1C3P2",
      "x": 2.687,
      "y": 0.267,
      "predX": 2.4617106119791665,
      "predY": 0.37109479804833728,
      "medianErrIn": 0.26851206716771053,
      "spreadIn": 0.046036409997549772,
      "nearInsert": true
    },
    {
      "label": "R1C3P3",
      "x": 2.712,
      "y": 0.85,
      "predX": 2.4763588905334473,
      "predY": 0.76851221919059753,
      "medianErrIn": 0.2549967800685,
      "spreadIn": 0.054731802653561014,
      "nearInsert": true
    },
    {
      "label": "R1C3P4",
      "x": 2.125,
      "y": 0.875,
      "predX": 2.01642237106959,
      "predY": 0.81676901380221045,
      "medianErrIn": 0.12475407786528407,
      "spreadIn": 0.027222900070558522,
      "nearInsert": false
    },
    {
      "label": "R1C4P1",
      "x": 3.338,
      "y": 0.267,
      "predX": 3.035991589228312,
      "predY": 0.39146545032660168,
      "medianErrIn": 0.35367019685094886,
      "spreadIn": 0.055357861752788028,
      "nearInsert": true
    },
    {
      "label": "R1C4P3",
      "x": 3.875,
      "y": 0.875,
      "predX": 3.5399892330169678,
      "predY": 0.87887416283289588,
      "medianErrIn": 0.34744517144216996,
      "spreadIn": 0.044101233371051353,
      "nearInsert": false
    },
    {
      "label": "R1C4P4",
      "x": 3.328,
      "y": 0.832,
      "predX": 3.0638933181762695,
      "predY": 0.82564844687779748,
      "medianErrIn": 0.31974797083961071,
      "spreadIn": 0.052202519188375374,
      "nearInsert": true
    },
    {
      "label": "R2C2P3",
      "x": 1.875,
      "y": 1.875,
      "predX": 1.7757040460904439,
      "predY": 1.7057113448778789,
      "medianErrIn": 0.19739677675214748,
      "spreadIn": 0.030060016684236326,
      "nearInsert": false
    },
    {
      "label": "R2C3P1",
      "x": 2.125,
      "y": 1.125,
      "predX": 2.0163094798723855,
      "predY": 1.0613501866658528,
      "medianErrIn": 0.14073769911751075,
      "spreadIn": 0.021553453831293982,
      "nearInsert": false
    },
    {
      "label": "R2C3P2",
      "x": 2.698,
      "y": 1.137,
      "predX": 2.3787335157394409,
      "predY": 1.0570658544699352,
      "medianErrIn": 0.33316435490446722,
      "spreadIn": 0.048493940198466673,