{
  "method": "CNN-REG",
  "task": "regression_xy_inches",
  "setup": "A3_F5_SamMed",
  "sessionSet": "last3",
  "inputKind": "raw",
  "freqGrid": "native791",
  "preproc": "v2_no_session_mean",
  "adjustKey": "A3_F5",
  "antennaMode": "refl",
  "ports": 1,
  "sparams": [
    "S11"
  ],
  "numRows": 2,
  "numSessions": 3,
  "sessionNames": [
    "BreastPhantom_A3_F5_FishingWeight_20260703_1432",
    "BreastPhantom_A3_F5_FishingWeight_20260703_1454",
    "BreastPhantom_A3_F5_FishingWeight_20260703_1516"
  ],
  "numPositions": 33,
  "numAdjustedTargets": 9,
  "folds": [
    {
      "testSession": "BreastPhantom_A3_F5_FishingWeight_20260703_1432",
      "trial": {
        "meanErrIn": 1.0406620858782298,
        "medianErrIn": 1.0089192197921939,
        "pctWithinHalfIn": 18.939393939393938,
        "pctWithin1In": 49.053030303030305
      },
      "position": {
        "meanErrIn": 1.0265045346201798,
        "medianErrIn": 1.027974381445582,
        "pctWithinHalfIn": 18.181818181818183,
        "pctWithin1In": 45.454545454545453,
        "medianSpreadIn": 0.17615831628244472
      },
      "stratified": {
        "nearInsert": {
          "meanErrIn": 0.83315330670067234,
          "medianErrIn": 0.764192689755016,
          "pctWithinHalfIn": 22.222222222222221,
          "pctWithin1In": 55.555555555555557,
          "medianSpreadIn": 0.15606385622917918,
          "n": 9
        },
        "exterior": {
          "meanErrIn": 1.0990112450899949,
          "medianErrIn": 1.1077442089920644,
          "pctWithinHalfIn": 16.666666666666664,
          "pctWithin1In": 41.666666666666671,
          "medianSpreadIn": 0.21277181226986264,
          "n": 24
        }
      },
      "baselineCentroid": {
        "meanErrIn": 1.4122188676760945,
        "medianErrIn": 1.3045849781082115,
        "pctWithinHalfIn": 9.0909090909090917,
        "pctWithin1In": 27.27272727272727
      }
    },
    {
      "testSession": "BreastPhantom_A3_F5_FishingWeight_20260703_1454",
      "trial": {
        "meanErrIn": 0.87299451388057281,
        "medianErrIn": 0.65288253519941053,
        "pctWithinHalfIn": 34.848484848484851,
        "pctWithin1In": 67.045454545454547
      },
      "position": {
        "meanErrIn": 0.86086842333495783,
        "medianErrIn": 0.632081850470799,
        "pctWithinHalfIn": 33.333333333333329,
        "pctWithin1In": 66.666666666666657,
        "medianSpreadIn": 0.13914553790110212
      },
      "stratified": {
        "nearInsert": {
          "meanErrIn": 0.89970982327862914,
          "medianErrIn": 0.68584810529503537,
          "pctWithinHalfIn": 44.444444444444443,
          "pctWithin1In": 55.555555555555557,
          "medianSpreadIn": 0.15543762486095541,
          "n": 9
        },
        "exterior": {
          "meanErrIn": 0.84630289835608119,
          "medianErrIn": 0.5909481457115946,
          "pctWithinHalfIn": 29.166666666666668,
          "pctWithin1In": 70.833333333333343,
          "medianSpreadIn": 0.13749302976886676,
          "n": 24
        }
      },
      "baselineCentroid": {
        "meanErrIn": 1.4122188676760945,
        "medianErrIn": 1.3045849781082115,
        "pctWithinHalfIn": 9.0909090909090917,
        "pctWithin1In": 27.27272727272727
      }
    },
    {
      "testSession": "BreastPhantom_A3_F5_FishingWeight_20260703_1516",
      "trial": {
        "meanErrIn": 0.748164147206737,
        "medianErrIn": 0.65532774175615416,
        "pctWithinHalfIn": 36.93181818181818,
        "pctWithin1In": 74.621212121212125
      },
      "position": {
        "meanErrIn": 0.71954513765708428,
        "medianErrIn": 0.6479845612586097,
        "pctWithinHalfIn": 36.363636363636367,
        "pctWithin1In": 75.757575757575751,
        "medianSpreadIn": 0.17161315702078553
      },
      "stratified": {
        "nearInsert": {
          "meanErrIn": 0.51282214998598108,
          "medianErrIn": 0.38038529025410289,
          "pctWithinHalfIn": 55.555555555555557,
          "pctWithin1In": 100,
          "medianSpreadIn": 0.14736562869775213,
          "n": 9
        },
        "exterior": {
          "meanErrIn": 0.7970662580337482,
          "medianErrIn": 0.67570937311194235,
          "pctWithinHalfIn": 29.166666666666668,
          "pctWithin1In": 66.666666666666657,
          "medianSpreadIn": 0.17792236318482435,
          "n": 24
        }
      },
      "baselineCentroid": {
        "meanErrIn": 1.4122188676760945,
        "medianErrIn": 1.3045849781082115,
        "pctWithinHalfIn": 9.0909090909090917,
        "pctWithin1In": 27.27272727272727
      }
    }
  ],
  "losoTrialMeanErr": [
    0.88727358232184661,
    0.1467708413767225
  ],
  "losoTrialMedianErr": [
    0.77237649891591953,
    0.20485565371363215
  ],
  "losoPosMeanErr": [
    0.86897269853740722,
    0.15364009015684868
  ],
  "losoPosMedianErr": [
    0.76934693105833019,
    0.2241190367259282
  ],
  "losoPosPctHalfIn": [
    29.292929292929291,
    9.741061374740358
  ],
  "losoPosPct1In": [
    62.626262626262623,
    15.550307392263282
  ],
  "losoPosMedianSpread": [
    0.16230567040144414,
    0.020185599353338753
  ],
  "losoNearInsertMedianErr": [
    0.6101420284347181,
    0.20279444650457903
  ],
  "losoNearInsertPctHalfIn": [
    40.74074074074074,
    16.972502573910518
  ],
  "losoNearInsertMedianSpread": [
    0.15295570326262889,
    0.0048512618628866605
  ],
  "losoExteriorMedianErr": [
    0.79146724260520041,
    0.27716322991652675
  ],
  "losoExteriorPctHalfIn": [
    25,
    7.2168783648703236
  ],
  "losoExteriorMedianSpread": [
    0.17606240174118459,
    0.037673841934914604
  ],
  "losoCentroidMedianErr": [
    1.3045849781082115,
    0
  ],
  "perPosition": [
    {
      "label": "R1C3P2",
      "x": 2.687,
      "y": 0.267,
      "predX": 2.5862670739491782,
      "predY": 1.160975307226181,
      "medianErrIn": 0.91239241694306827,
      "spreadIn": 0.19699038916846476,
      "nearInsert": true
    },
    {
      "label": "R1C3P3",
      "x": 2.712,
      "y": 0.85,
      "predX": 2.463724652926127,
      "predY": 1.1995541453361511,
      "medianErrIn": 0.61026178886655014,
      "spreadIn": 0.15766900549678112,
      "nearInsert": true
    },
    {
      "label": "R1C3P4",
      "x": 2.125,
      "y": 0.875,
      "predX": 1.9447768926620483,
      "predY": 1.2064016958077748,
      "medianErrIn": 0.53420216095147632,
      "spreadIn": 0.12728929892178042,
      "nearInsert": false
    },
    {
      "label": "R1C4P1",
      "x": 3.338,
      "y": 0.267,
      "predX": 2.7173398335774741,
      "predY": 0.81528306007385254,
      "medianErrIn": 0.82933435610192952,
      "spreadIn": 0.19653501414160846,
      "nearInsert": true
    },
    {
      "label": "R1C4P3",
      "x": 3.875,
      "y": 0.875,
      "predX": 3.0976629654566445,
      "predY": 1.3066696524620056,
      "medianErrIn": 0.89445933037583225,
      "spreadIn": 0.174091532606238,
      "nearInsert": false
    },
    {
      "label": "R1C4P4",
      "x": 3.328,
      "y": 0.832,
      "predX": 2.8074464797973633,
      "predY": 1.464364727338155,
      "medianErrIn": 0.84159865784556853,
      "spreadIn": 0.17747175099681267,
      "nearInsert": true
    },
    {
      "label": "R2C2P3",
      "x": 1.875,
      "y": 1.875,
      "predX": 1.8057007789611816,
      "predY": 1.7354040741920471,
      "medianErrIn": 0.2599057356431102,
      "spreadIn": 0.098435727440046472,
      "nearInsert": false
    },
    {
      "label": "R2C3P1",
      "x": 2.125,
      "y": 1.125,
      "predX": 2.0979020992914834,
      "predY": 1.44798747698466,
      "medianErrIn": 0.36465327994243418,
      "spreadIn": 0.13424631924627564,
      "nearInsert": false
    },
    {
      "label": "R2C3P2",
      "x": 2.698,
      "y": 1.137,
      "predX": 2.518913427988688,
      "predY": 1.4604977269967396,
      "medianErrIn": 0.49042356007959637,
      "spreadIn": 0.17711098655473323,
      "nearInsert": true
    },
    {
      "label": "R2C3P3",