{
  "method": "CNN-REG",
  "task": "regression_xy_inches",
  "setup": "A3_F4_SamMed",
  "sessionSet": "all4",
  "inputKind": "raw",
  "freqGrid": "native791",
  "preproc": "v2_no_session_mean",
  "adjustKey": "A3_F4",
  "antennaMode": "refl",
  "ports": [
    1,
    3
  ],
  "sparams": [
    "S11",
    "S33"
  ],
  "numRows": 4,
  "numSessions": 4,
  "sessionNames": [
    "BreastPhantom_A3_F4_FishingWeight_20260703_1623",
    "BreastPhantom_A3_F4_FishingWeight_20260703_1642",
    "BreastPhantom_A3_F4_FishingWeight_20260703_1707",
    "BreastPhantom_A3_F4_FishingWeight_20260703_1726"
  ],
  "numPositions": 39,
  "numAdjustedTargets": 16,
  "folds": [
    {
      "testSession": "BreastPhantom_A3_F4_FishingWeight_20260703_1623",
      "trial": {
        "meanErrIn": 0.20448721870681558,
        "medianErrIn": 0.18304036335148033,
        "pctWithinHalfIn": 99.679487179487182,
        "pctWithin1In": 100
      },
      "position": {
        "meanErrIn": 0.20155449549121282,
        "medianErrIn": 0.19509236288556486,
        "pctWithinHalfIn": 100,
        "pctWithin1In": 100,
        "medianSpreadIn": 0.04672179317875487
      },
      "stratified": {
        "nearInsert": {
          "meanErrIn": 0.20188531979655366,
          "medianErrIn": 0.16842073693116008,
          "pctWithinHalfIn": 100,
          "pctWithin1In": 100,
          "medianSpreadIn": 0.045819649554917366,
          "n": 16
        },
        "exterior": {
          "meanErrIn": 0.20132435684401903,
          "medianErrIn": 0.19509236288556486,
          "pctWithinHalfIn": 100,
          "pctWithin1In": 100,
          "medianSpreadIn": 0.048460126063749456,
          "n": 23
        }
      },
      "baselineCentroid": {
        "meanErrIn": 1.6026601891683558,
        "medianErrIn": 1.7335226813966131,
        "pctWithinHalfIn": 7.6923076923076925,
        "pctWithin1In": 23.076923076923077
      }
    },
    {
      "testSession": "BreastPhantom_A3_F4_FishingWeight_20260703_1642",
      "trial": {
        "meanErrIn": 0.21949712858325568,
        "medianErrIn": 0.16387277059693078,
        "pctWithinHalfIn": 89.743589743589752,
        "pctWithin1In": 100
      },
      "position": {
        "meanErrIn": 0.21449450662148217,
        "medianErrIn": 0.15372212936942514,
        "pctWithinHalfIn": 87.179487179487182,
        "pctWithin1In": 100,
        "medianSpreadIn": 0.050273577293097296
      },
      "stratified": {
        "nearInsert": {
          "meanErrIn": 0.2097013188924309,
          "medianErrIn": 0.16276622190143378,
          "pctWithinHalfIn": 93.75,
          "pctWithin1In": 100,
          "medianSpreadIn": 0.055423265071032395,
          "n": 16
        },
        "exterior": {
          "meanErrIn": 0.21782889808516992,
          "medianErrIn": 0.15161419465390563,
          "pctWithinHalfIn": 82.6086956521739,
          "pctWithin1In": 100,
          "medianSpreadIn": 0.048156848178007736,
          "n": 23
        }
      },
      "baselineCentroid": {
        "meanErrIn": 1.6026601891683558,
        "medianErrIn": 1.7335226813966131,
        "pctWithinHalfIn": 7.6923076923076925,
        "pctWithin1In": 23.076923076923077
      }
    },
    {
      "testSession": "BreastPhantom_A3_F4_FishingWeight_20260703_1707",
      "trial": {
        "meanErrIn": 0.43857608979857421,
        "medianErrIn": 0.40752500978241279,
        "pctWithinHalfIn": 65.7051282051282,
        "pctWithin1In": 96.314102564102569
      },
      "position": {
        "meanErrIn": 0.43139644122903337,
        "medianErrIn": 0.41201248343491331,
        "pctWithinHalfIn": 69.230769230769226,
        "pctWithin1In": 97.435897435897431,
        "medianSpreadIn": 0.055567941453912521
      },
      "stratified": {
        "nearInsert": {
          "meanErrIn": 0.48642455560172493,
          "medianErrIn": 0.43942025762698889,
          "pctWithinHalfIn": 62.5,
          "pctWithin1In": 100,
          "medianSpreadIn": 0.057768975253895342,
          "n": 16
        },
        "exterior": {
          "meanErrIn": 0.39311601383933509,
          "medianErrIn": 0.40567635492076315,
          "pctWithinHalfIn": 73.91304347826086,
          "pctWithin1In": 95.652173913043484,
          "medianSpreadIn": 0.050676792226110955,
          "n": 23
        }
      },
      "baselineCentroid": {
        "meanErrIn": 1.6026601891683558,
        "medianErrIn": 1.7335226813966131,
        "pctWithinHalfIn": 7.6923076923076925,
        "pctWithin1In": 23.076923076923077
      }
    },
    {
      "testSession": "BreastPhantom_A3_F4_FishingWeight_20260703_1726",
      "trial": {
        "meanErrIn": 0.21434668530735854,
        "medianErrIn": 0.17774013930050808,
        "pctWithinHalfIn": 93.429487179487182,
        "pctWithin1In": 100
      },
      "position": {
        "meanErrIn": 0.20500582444163656,
        "medianErrIn": 0.17607667310232913,
        "pctWithinHalfIn": 94.871794871794862,
        "pctWithin1In": 100,
        "medianSpreadIn": 0.053384989596943079
      },
      "stratified": {
        "nearInsert": {
          "meanErrIn": 0.1742497267738288,
          "medianErrIn": 0.14611633500010768,
          "pctWithinHalfIn": 100,
          "pctWithin1In": 100,
          "medianSpreadIn": 0.05252369776364247,
          "n": 16
        },
        "exterior": {
          "meanErrIn": 0.22640137064532881,
          "medianErrIn": 0.2093666570551197,
          "pctWithinHalfIn": 91.304347826086953,
          "pctWithin1In": 100,
          "medianSpreadIn": 0.055922692622146553,
          "n": 23
        }
      },
      "baselineCentroid": {
        "meanErrIn": 1.6026601891683558,
        "medianErrIn": 1.7335226813966131,
        "pctWithinHalfIn": 7.6923076923076925,
        "pctWithin1In": 23.076923076923077
      }
    }
  ],
  "losoTrialMeanErr": [
    0.269226780599001,
    0.11307116129410369
  ],
  "losoTrialMedianErr": [
    0.23304457075783297,
    0.11660068958753401
  ],
  "losoPosMeanErr": [
    0.26311281694584127,
    0.11232240473873607
  ],
  "losoPosMedianErr": [
    0.23422591219805811,
    0.11972425631575623
  ],
  "losoPosPctHalfIn": [
    87.820512820512818,
    13.466625005631395
  ],
  "losoPosPct1In": [
    99.358974358974365,
    1.2820512820512846
  ],
  "losoPosMedianSpread": [
    0.051487075380676942,
    0.003848637782926362
  ],
  "losoNearInsertMedianErr": [
    0.22918088786492261,
    0.14047896205140217
  ],
  "losoNearInsertPctHalfIn": [
    89.0625,
    17.951758270431341
  ],
  "losoNearInsertMedianSpread": [
    0.052883896910871891,
    0.0051751236765282234
  ],
  "losoExteriorMedianErr": [
    0.24043739237883835,
    0.11286428057526518
  ],
  "losoExteriorPctHalfIn": [
    86.956521739130423,
    11.226038684659184
  ],
  "losoExteriorMedianSpread": [
    0.050804114772503677,
    0.0035925085814221807
  ],
  "losoCentroidMedianErr": [
    1.7335226813966131,
    0
  ],
  "perPosition": [
    {
      "label": "R1C3P2",
      "x": 2.695,
      "y": 0.138,
      "predX": 2.6466735899448395,
      "predY": 0.27535492926836014,
      "medianErrIn": 0.20713331586192957,
      "spreadIn": 0.056158859262660565,
      "nearInsert": true
    },
    {
      "label": "R1C3P3",
      "x": 2.656,
      "y": 0.851,
      "predX": 2.6633416414260864,
      "predY": 0.91344394534826279,
      "medianErrIn": 0.14900507482353961,
      "spreadIn": 0.059130988618843541,
      "nearInsert": true
    },
    {
      "label": "R1C3P4",
      "x": 2.125,
      "y": 0.875,
      "predX": 2.1021584719419479,
      "predY": 0.98407123982906342,
      "medianErrIn": 0.17627019160549584,
      "spreadIn": 0.045812164018164861,
      "nearInsert": false
    },
    {
      "label": "R1C4P1",
      "x": 3.31,
      "y": 0.171,
      "predX": 3.2404936552047729,
      "predY": 0.40358807519078255,
      "medianErrIn": 0.27731208170988331,
      "spreadIn": 0.055122235033240395,
      "nearInsert": true
    },
    {
      "label": "R1C4P3",
      "x": 3.875,
      "y": 0.875,