{
  "method": "CNN-REG",
  "task": "regression_xy_inches",
  "setup": "July09",
  "sessionSet": "beet1cm",
  "inputKind": "raw",
  "freqGrid": "native791",
  "preproc": "v2_no_session_mean",
  "adjustKey": "A3_Empty",
  "antennaMode": "all",
  "ports": [
    1,
    2,
    3,
    4
  ],
  "sparams": [
    "S11",
    "S12",
    "S13",
    "S14",
    "S21",
    "S22",
    "S23",
    "S24",
    "S31",
    "S32",
    "S33",
    "S34",
    "S41",
    "S42",
    "S43",
    "S44"
  ],
  "numRows": 32,
  "numSessions": 3,
  "sessionNames": [
    "BreastPhantom_A3_Beet_1cm_20260709_1138",
    "BreastPhantom_A3_Beet_1cm_20260709_1202",
    "BreastPhantom_A3_Beet_1cm_20260709_1219"
  ],
  "numPositions": 49,
  "numAdjustedTargets": 0,
  "folds": [
    {
      "testSession": "BreastPhantom_A3_Beet_1cm_20260709_1138",
      "trial": {
        "meanErrIn": 0.15599356788133859,
        "medianErrIn": 0.14603408730639647,
        "pctWithinHalfIn": 100,
        "pctWithin1In": 100
      },
      "position": {
        "meanErrIn": 0.15451861270453315,
        "medianErrIn": 0.14738066646080594,
        "pctWithinHalfIn": 100,
        "pctWithin1In": 100,
        "medianSpreadIn": 0.013320997398597453
      },
      "stratified": {
        "nearInsert": {
          "n": 0
        },
        "exterior": {
          "meanErrIn": 0.15451861270453315,
          "medianErrIn": 0.14738066646080594,
          "pctWithinHalfIn": 100,
          "pctWithin1In": 100,
          "medianSpreadIn": 0.013320997398597453,
          "n": 49
        }
      },
      "baselineCentroid": {
        "meanErrIn": 1.3738972178407913,
        "medianErrIn": 1.3330393695797758,
        "pctWithinHalfIn": 8.16326530612245,
        "pctWithin1In": 20.408163265306122
      }
    },
    {
      "testSession": "BreastPhantom_A3_Beet_1cm_20260709_1202",
      "trial": {
        "meanErrIn": 0.22396798121229375,
        "medianErrIn": 0.19878424876758266,
        "pctWithinHalfIn": 94.387755102040813,
        "pctWithin1In": 100
      },
      "position": {
        "meanErrIn": 0.22386206303060827,
        "medianErrIn": 0.19936197561099475,
        "pctWithinHalfIn": 93.877551020408163,
        "pctWithin1In": 100,
        "medianSpreadIn": 0.014194822380309936
      },
      "stratified": {
        "nearInsert": {
          "n": 0
        },
        "exterior": {
          "meanErrIn": 0.22386206303060827,
          "medianErrIn": 0.19936197561099475,
          "pctWithinHalfIn": 93.877551020408163,
          "pctWithin1In": 100,
          "medianSpreadIn": 0.014194822380309936,
          "n": 49
        }
      },
      "baselineCentroid": {
        "meanErrIn": 1.3738972178407913,
        "medianErrIn": 1.3330393695797758,
        "pctWithinHalfIn": 8.16326530612245,
        "pctWithin1In": 20.408163265306122
      }
    },
    {
      "testSession": "BreastPhantom_A3_Beet_1cm_20260709_1219",
      "trial": {
        "meanErrIn": 0.24731983317922368,
        "medianErrIn": 0.2152056914202401,
        "pctWithinHalfIn": 92.7295918367347,
        "pctWithin1In": 100
      },
      "position": {
        "meanErrIn": 0.24801109540305077,
        "medianErrIn": 0.21793571661318728,
        "pctWithinHalfIn": 93.877551020408163,
        "pctWithin1In": 100,
        "medianSpreadIn": 0.014381672183159208
      },
      "stratified": {
        "nearInsert": {
          "n": 0
        },
        "exterior": {
          "meanErrIn": 0.24801109540305077,
          "medianErrIn": 0.21793571661318728,
          "pctWithinHalfIn": 93.877551020408163,
          "pctWithin1In": 100,
          "medianSpreadIn": 0.014381672183159208,
          "n": 49
        }
      },
      "baselineCentroid": {
        "meanErrIn": 1.3738972178407913,
        "medianErrIn": 1.3330393695797758,
        "pctWithinHalfIn": 8.16326530612245,
        "pctWithin1In": 20.408163265306122
      }
    }
  ],
  "losoTrialMeanErr": [
    0.209093794090952,
    0.047445260724391
  ],
  "losoTrialMedianErr": [
    0.1866746758314064,
    0.036140822091410792
  ],
  "losoPosMeanErr": [
    0.20879725704606408,
    0.048532693772313146
  ],
  "losoPosMedianErr": [
    0.18822611956166266,
    0.036571973462815023
  ],
  "losoPosPctHalfIn": [
    95.91836734693878,
    3.534797566467097
  ],
  "losoPosPct1In": [
    100,
    0
  ],
  "losoPosMedianSpread": [
    0.013965830654022198,
    0.00056620284146448763
  ],
  "losoNearInsertMedianErr": [
    null,
    null
  ],
  "losoNearInsertPctHalfIn": [
    null,
    null
  ],
  "losoNearInsertMedianSpread": [
    null,
    null
  ],
  "losoExteriorMedianErr": [
    0.18822611956166266,
    0.036571973462815023
  ],
  "losoExteriorPctHalfIn": [
    95.91836734693878,
    3.534797566467097
  ],
  "losoExteriorMedianSpread": [
    0.013965830654022198,
    0.00056620284146448763
  ],
  "losoCentroidMedianErr": [
    1.3330393695797758,
    0
  ],
  "perPosition": [
    {
      "label": "R1C3P3",
      "x": 2.875,
      "y": 0.875,
      "predX": 2.7220602830251059,
      "predY": 0.89894553025563562,
      "medianErrIn": 0.16171130238402967,
      "spreadIn": 0.016177545526245021,
      "nearInsert": false
    },
    {
      "label": "R1C3P4",
      "x": 2.125,
      "y": 0.875,
      "predX": 2.0153935551643372,
      "predY": 0.90103580554326379,
      "medianErrIn": 0.20243978543830088,
      "spreadIn": 0.01449081766950895,
      "nearInsert": false
    },
    {
      "label": "R1C4P3",
      "x": 3.875,
      "y": 0.875,
      "predX": 3.5586464802424111,
      "predY": 0.96757932504018151,
      "medianErrIn": 0.33150584516539849,
      "spreadIn": 0.02433603654668651,
      "nearInsert": false
    },
    {
      "label": "R1C4P4",
      "x": 3.125,
      "y": 0.875,
      "predX": 2.9087980190912881,
      "predY": 0.94721313317616784,
      "medianErrIn": 0.237573738431646,
      "spreadIn": 0.017886991300029551,
      "nearInsert": false
    },
    {
      "label": "R2C2P2",
      "x": 1.875,
      "y": 1.125,
      "predX": 1.7889182567596436,
      "predY": 1.1390074690183003,
      "medianErrIn": 0.1206490737532282,
      "spreadIn": 0.0062438457392199886,
      "nearInsert": false
    },
    {
      "label": "R2C2P3",
      "x": 1.875,
      "y": 1.875,
      "predX": 1.8178051511446636,
      "predY": 1.7716460227966309,
      "medianErrIn": 0.13233921711655366,
      "spreadIn": 0.01004808114152011,
      "nearInsert": false
    },
    {
      "label": "R2C3P1",
      "x": 2.125,
      "y": 1.125,
      "predX": 1.9899584452311199,
      "predY": 1.1318846543629963,
      "medianErrIn": 0.15828173138924737,
      "spreadIn": 0.015770746906541764,
      "nearInsert": false
    },
    {
      "label": "R2C3P2",
      "x": 2.875,
      "y": 1.125,
      "predX": 2.7891517480214438,
      "predY": 1.1214452981948853,
      "medianErrIn": 0.086646955399820036,
      "spreadIn": 0.013051113932784885,
      "nearInsert": false
    },
    {
      "label": "R2C3P3",
      "x": 2.875,
      "y": 1.875,
      "predX": 2.7593667109807334,
      "predY": 1.8254789511362712,
      "medianErrIn": 0.12710551551375596,
      "spreadIn": 0.011517005995397999,
      "nearInsert": false
    },
    {
      "label": "R2C3P4",
      "x": 2.125,
      "y": 1.875,
      "predX": 2.0366453329722085,
      "predY": 1.8476619521776836,
      "medianErrIn": 0.11889716958770125,
      "spreadIn": 0.0083969260436104753,
      "nearInsert": false
    },
    {
      "label": "R2C4P1",
      "x": 3.125,
      "y": 1.125,
      "predX": 2.9843472242355347,
      "predY": 1.1352187395095825,
      "medianErrIn": 0.14674961700938169,
      "spreadIn": 0.012797662882836396,
      "nearInsert": false
    },
    {
      "label": "R2C4P2",
      "x": 3.875,
      "y": 1.125,
      "predX": 3.62496288617452,
      "predY": 1.10921311378479,
      "medianErrIn": 0.25579810953194387,
      "spreadIn": 0.016747833268760125,
      "nearInsert": false
    },
    {
      "label": "R2C4P3",
      "x": 3.875,
      "y": 1.875,