{
  "method": "CNN-LOPO",
  "task": "regression_xy_inches",
  "lopoMode": "pooled",
  "lopoUnit": "cell",
  "setup": "June18",
  "sessionSet": "remap",
  "inputKind": "raw",
  "preproc": "v2_no_session_mean",
  "adjustKey": "A3_Empty",
  "antennaMode": "all",
  "ports": [
    1,
    2,
    3,
    4
  ],
  "numSessions": 3,
  "sessionNames": [
    "BreastPhantom_A3_FishingWeight_20260618_1530",
    "BreastPhantom_A3_FishingWeight_20260618_1547",
    "BreastPhantom_A3_FishingWeight_20260618_1611"
  ],
  "numPositions": 51,
  "numUnits": 19,
  "numFolds": 19,
  "epochs": 40,
  "mixupAlpha": 0,
  "mixupRatio": 1,
  "posValFrac": 0,
  "headMode": "xy",
  "heatmapSigma": 0.6,
  "overall": {
    "n": 51,
    "medianErrIn": 0.47343595465082855,
    "meanErrIn": 0.55814592939609786,
    "pctWithinHalfIn": 54.901960784313729,
    "pctWithin1In": 92.156862745098039,
    "medianSpreadIn": 0.044204985978305668
  },
  "nearInsert": {
    "n": 0,
    "medianErrIn": null,
    "meanErrIn": null,
    "pctWithinHalfIn": null,
    "pctWithin1In": null,
    "medianSpreadIn": null
  },
  "exterior": {
    "n": 51,
    "medianErrIn": 0.47343595465082855,
    "meanErrIn": 0.55814592939609786,
    "pctWithinHalfIn": 54.901960784313729,
    "pctWithin1In": 92.156862745098039,
    "medianSpreadIn": 0.044204985978305668
  },
  "crossContextMedianErr": [
    0.47343595465082855,
    0
  ],
  "crossContextPctHalfIn": [
    54.901960784313729,
    0
  ],
  "perSession": {
    "sess": "(pooled)",
    "medianErrIn": 0.47343595465082855,
    "pctWithinHalfIn": 54.901960784313729,
    "medianSpreadIn": 0.044204985978305668,
    "n": 51
  },
  "perPosition": [
    {
      "label": "R1C3P3",
      "x": 2.875,
      "y": 0.875,
      "predX": 2.8320028781890869,
      "predY": 1.1277666687965393,
      "medianErrIn": 0.25639762350404477,
      "spreadIn": 0.05357272544185241,
      "nearInsert": false
    },
    {
      "label": "R1C3P4",
      "x": 2.125,
      "y": 0.875,
      "predX": 2.42462158203125,
      "predY": 1.1539111137390137,
      "medianErrIn": 0.40934643248237318,
      "spreadIn": 0.044204985978305668,
      "nearInsert": false
    },
    {
      "label": "R1C4P3",
      "x": 3.875,
      "y": 0.875,
      "predX": 3.1731184720993042,
      "predY": 1.1402719616889954,
      "medianErrIn": 0.75033785248149587,
      "spreadIn": 0.017732560027293159,
      "nearInsert": false
    },
    {
      "label": "R1C4P4",
      "x": 3.125,
      "y": 0.875,
      "predX": 2.7675774097442627,
      "predY": 1.1126103401184082,
      "medianErrIn": 0.429196437259568,
      "spreadIn": 0.020109830928845055,
      "nearInsert": false
    },
    {
      "label": "R2C2P2",
      "x": 1.875,
      "y": 1.125,
      "predX": 2.0908138751983643,
      "predY": 1.308083176612854,
      "medianErrIn": 0.28301073881884525,
      "spreadIn": 0.022350333253568926,
      "nearInsert": false
    },
    {
      "label": "R2C2P3",
      "x": 1.875,
      "y": 1.875,
      "predX": 2.1028106212615967,
      "predY": 1.7387453317642212,
      "medianErrIn": 0.26544870271982268,
      "spreadIn": 0.020412728855947092,
      "nearInsert": false
    },
    {
      "label": "R2C3P1",
      "x": 2.125,
      "y": 1.125,
      "predX": 1.9649397134780884,
      "predY": 1.1578577756881714,
      "medianErrIn": 0.16339806836266649,
      "spreadIn": 0.046454778614916391,
      "nearInsert": false
    },
    {
      "label": "R2C3P2",
      "x": 2.875,
      "y": 1.125,
      "predX": 2.6987756490707397,
      "predY": 1.0518052577972412,
      "medianErrIn": 0.19082057579455991,
      "spreadIn": 0.017804124658517696,
      "nearInsert": false
    },
    {
      "label": "R2C3P3",
      "x": 2.875,
      "y": 1.875,
      "predX": 2.4434050321578979,
      "predY": 1.7095593810081482,
      "medianErrIn": 0.4622172808096125,
      "spreadIn": 0.0689926217228481,
      "nearInsert": false
    },
    {
      "label": "R2C3P4",
      "x": 2.125,
      "y": 1.875,
      "predX": 1.987928569316864,
      "predY": 2.0196410417556763,
      "medianErrIn": 0.19927269775282574,
      "spreadIn": 0.078942989908367914,
      "nearInsert": false
    },
    {
      "label": "R2C4P1",
      "x": 3.125,
      "y": 1.125,
      "predX": 2.7395927906036377,
      "predY": 1.0529766082763672,
      "medianErrIn": 0.39207918334192049,
      "spreadIn": 0.026161078699393311,
      "nearInsert": false
    },
    {
      "label": "R2C4P2",
      "x": 3.875,
      "y": 1.125,
      "predX": 3.6007480621337891,
      "predY": 1.338405966758728,
      "medianErrIn": 0.34749997420373913,
      "spreadIn": 0.043168094153132087,
      "nearInsert": false
    },
    {
      "label": "R2C4P3",
      "x": 3.875,
      "y": 1.875,
      "predX": 3.5348703861236572,
      "predY": 1.7368085384368896,
      "medianErrIn": 0.36713081358640903,
      "spreadIn": 0.0370133103258203,
      "nearInsert": false
    },
    {
      "label": "R2C4P4",
      "x": 3.125,
      "y": 1.875,
      "predX": 2.7053244113922119,
      "predY": 1.6038239002227783,
      "medianErrIn": 0.49966396384338052,
      "spreadIn": 0.036660203560811323,
      "nearInsert": false
    },
    {
      "label": "R2C5P1",
      "x": 4.125,
      "y": 1.125,
      "predX": 4.0091333389282227,
      "predY": 1.1773932576179504,
      "medianErrIn": 0.12716185195153082,
      "spreadIn": 0.053390476764862325,
      "nearInsert": false
    },
    {
      "label": "R2C5P4",
      "x": 4.125,
      "y": 1.875,
      "predX": 3.5105230808258057,
      "predY": 1.5034165382385254,
      "medianErrIn": 0.71809202283025719,
      "spreadIn": 0.042214520433791917,
      "nearInsert": false
    },
    {
      "label": "R3C2P2",
      "x": 1.875,
      "y": 2.125,
      "predX": 2.0944753885269165,
      "predY": 1.7131080031394958,
      "medianErrIn": 0.4667166841315773,
      "spreadIn": 0.033426763938425065,
      "nearInsert": false
    },
    {
      "label": "R3C2P3",
      "x": 1.875,
      "y": 2.875,
      "predX": 2.4186766147613525,
      "predY": 2.3957090377807617,
      "medianErrIn": 0.72477864752171572,
      "spreadIn": 0.045973665835659129,
      "nearInsert": false
    },
    {
      "label": "R3C3P1",
      "x": 2.125,
      "y": 2.125,
      "predX": 1.9237964153289795,
      "predY": 1.6584302186965942,
      "medianErrIn": 0.508104559426479,
      "spreadIn": 0.033798953162442913,
      "nearInsert": false
    },
    {
      "label": "R3C3P2",
      "x": 2.875,
      "y": 2.125,
      "predX": 3.0144789218902588,
      "predY": 2.0306975841522217,
      "medianErrIn": 0.16836660977282944,
      "spreadIn": 0.057119345204350004,
      "nearInsert": false
    },
    {
      "label": "R3C3P3",
      "x": 2.875,
      "y": 2.875,
      "predX": 2.7110499143600464,
      "predY": 2.4987932443618774,
      "medianErrIn": 0.410379280141079,
      "spreadIn": 0.022376282198047631,
      "nearInsert": false
    },
    {
      "label": "R3C3P4",
      "x": 2.125,
      "y": 2.875,
      "predX": 2.0220643281936646,
      "predY": 2.2208102941513062,
      "medianErrIn": 0.66223857013060039,
      "spreadIn": 0.045383738322758882,
      "nearInsert": false
    },
    {
      "label": "R3C4P1",
      "x": 3.125,
      "y": 2.125,
      "predX": 2.602184534072876,
      "predY": 1.787792444229126,
      "medianErrIn": 0.62212936523006446,
      "spreadIn": 0.032461864179837228,
      "nearInsert": false
    },
    {
      "label": "R3C4P2",
      "x": 3.875,
      "y": 2.125,
      "predX": 3.1737505197525024,
      "predY": 1.8090978860855103,
      "medianErrIn": 0.76911961301414533,
      "spreadIn": 0.050279955071538956,
      "nearInsert": false
    },
    {
      "label": "R3C4P3",
      "x": 3.875,
      "y": 2.875,
      "predX": 3.4618219137191772,
      "predY": 2.8021389245986938,
      "medianErrIn": 0.41955317576121126,
      "spreadIn": 0.031711506243591071,
      "nearInsert": false
    },
    {
      "label": "R3C4P4",
      "x": 3.125,
      "y": 2.875,