{
  "method": "CNN-REG",
  "task": "regression_xy_inches",
  "setup": "June18",
  "sessionSet": "remap",
  "inputKind": "raw",
  "freqGrid": "native791",
  "preproc": "v2_no_session_mean",
  "adjustKey": "A3_Empty",
  "antennaMode": "refl",
  "ports": [
    1,
    3
  ],
  "sparams": [
    "S11",
    "S33"
  ],
  "numRows": 4,
  "numSessions": 3,
  "sessionNames": [
    "BreastPhantom_A3_FishingWeight_20260618_1530",
    "BreastPhantom_A3_FishingWeight_20260618_1547",
    "BreastPhantom_A3_FishingWeight_20260618_1611"
  ],
  "numPositions": 51,
  "numAdjustedTargets": 0,
  "folds": [
    {
      "testSession": "BreastPhantom_A3_FishingWeight_20260618_1530",
      "trial": {
        "meanErrIn": 0.33189007093435668,
        "medianErrIn": 0.29350067493034915,
        "pctWithinHalfIn": 80.024509803921575,
        "pctWithin1In": 98.161764705882348
      },
      "position": {
        "meanErrIn": 0.33215942426817335,
        "medianErrIn": 0.29261224787846074,
        "pctWithinHalfIn": 78.431372549019613,
        "pctWithin1In": 98.0392156862745,
        "medianSpreadIn": 0.021817140674494594
      },
      "stratified": {
        "nearInsert": {
          "n": 0
        },
        "exterior": {
          "meanErrIn": 0.33215942426817335,
          "medianErrIn": 0.29261224787846074,
          "pctWithinHalfIn": 78.431372549019613,
          "pctWithin1In": 98.0392156862745,
          "medianSpreadIn": 0.021817140674494594,
          "n": 51
        }
      },
      "baselineCentroid": {
        "meanErrIn": 1.3904503658861882,
        "medianErrIn": 1.3417410805586698,
        "pctWithinHalfIn": 7.8431372549019605,
        "pctWithin1In": 23.52941176470588
      }
    },
    {
      "testSession": "BreastPhantom_A3_FishingWeight_20260618_1547",
      "trial": {
        "meanErrIn": 0.17117316788711831,
        "medianErrIn": 0.13724606951256663,
        "pctWithinHalfIn": 96.078431372549019,
        "pctWithin1In": 100
      },
      "position": {
        "meanErrIn": 0.16904283497259476,
        "medianErrIn": 0.13760758132085435,
        "pctWithinHalfIn": 96.078431372549019,
        "pctWithin1In": 100,
        "medianSpreadIn": 0.025416311492239555
      },
      "stratified": {
        "nearInsert": {
          "n": 0
        },
        "exterior": {
          "meanErrIn": 0.16904283497259476,
          "medianErrIn": 0.13760758132085435,
          "pctWithinHalfIn": 96.078431372549019,
          "pctWithin1In": 100,
          "medianSpreadIn": 0.025416311492239555,
          "n": 51
        }
      },
      "baselineCentroid": {
        "meanErrIn": 1.3904503658861882,
        "medianErrIn": 1.3417410805586698,
        "pctWithinHalfIn": 7.8431372549019605,
        "pctWithin1In": 23.52941176470588
      }
    },
    {
      "testSession": "BreastPhantom_A3_FishingWeight_20260618_1611",
      "trial": {
        "meanErrIn": 0.17455017689710617,
        "medianErrIn": 0.14849931380557349,
        "pctWithinHalfIn": 97.916666666666657,
        "pctWithin1In": 100
      },
      "position": {
        "meanErrIn": 0.17337704599111753,
        "medianErrIn": 0.14760100988786728,
        "pctWithinHalfIn": 98.0392156862745,
        "pctWithin1In": 100,
        "medianSpreadIn": 0.023334705992628012
      },
      "stratified": {
        "nearInsert": {
          "n": 0
        },
        "exterior": {
          "meanErrIn": 0.17337704599111753,
          "medianErrIn": 0.14760100988786728,
          "pctWithinHalfIn": 98.0392156862745,
          "pctWithin1In": 100,
          "medianSpreadIn": 0.023334705992628012,
          "n": 51
        }
      },
      "baselineCentroid": {
        "meanErrIn": 1.3904503658861882,
        "medianErrIn": 1.3417410805586698,
        "pctWithinHalfIn": 7.8431372549019605,
        "pctWithin1In": 23.52941176470588
      }
    }
  ],
  "losoTrialMeanErr": [
    0.22587113857286037,
    0.091830613423667329
  ],
  "losoTrialMedianErr": [
    0.1930820194161631,
    0.087146937170718169
  ],
  "losoPosMeanErr": [
    0.22485976841062852,
    0.092949494117229789
  ],
  "losoPosMedianErr": [
    0.19260694636239414,
    0.086751152165954221
  ],
  "losoPosPctHalfIn": [
    90.849673202614369,
    10.799157935855096
  ],
  "losoPosPct1In": [
    99.346405228758158,
    1.1320593513522117
  ],
  "losoPosMedianSpread": [
    0.02352271938645405,
    0.0018069364739857962
  ],
  "losoNearInsertMedianErr": [
    null,
    null
  ],
  "losoNearInsertPctHalfIn": [
    null,
    null
  ],
  "losoNearInsertMedianSpread": [
    null,
    null
  ],
  "losoExteriorMedianErr": [
    0.19260694636239414,
    0.086751152165954221
  ],
  "losoExteriorPctHalfIn": [
    90.849673202614369,
    10.799157935855096
  ],
  "losoExteriorMedianSpread": [
    0.02352271938645405,
    0.0018069364739857962
  ],
  "losoCentroidMedianErr": [
    1.3417410805586698,
    0
  ],
  "perPosition": [
    {
      "label": "R1C3P3",
      "x": 2.875,
      "y": 0.875,
      "predX": 2.8387013276418052,
      "predY": 0.89055343468983972,
      "medianErrIn": 0.1610607462000635,
      "spreadIn": 0.050126816457007652,
      "nearInsert": false
    },
    {
      "label": "R1C3P4",
      "x": 2.125,
      "y": 0.875,
      "predX": 2.1356853246688843,
      "predY": 0.86704810460408532,
      "medianErrIn": 0.070990811214121027,
      "spreadIn": 0.017194088153655366,
      "nearInsert": false
    },
    {
      "label": "R1C4P3",
      "x": 3.875,
      "y": 0.875,
      "predX": 3.7321027914683023,
      "predY": 0.91583348313967383,
      "medianErrIn": 0.1698476512620577,
      "spreadIn": 0.036480698224463766,
      "nearInsert": false
    },
    {
      "label": "R1C4P4",
      "x": 3.125,
      "y": 0.875,
      "predX": 3.1057597001393638,
      "predY": 0.88575003544489539,
      "medianErrIn": 0.087575438749945625,
      "spreadIn": 0.023683010939872972,
      "nearInsert": false
    },
    {
      "label": "R2C2P2",
      "x": 1.875,
      "y": 1.125,
      "predX": 1.7757639487584431,
      "predY": 1.0309545993804932,
      "medianErrIn": 0.137471123372886,
      "spreadIn": 0.014656362528735466,
      "nearInsert": false
    },
    {
      "label": "R2C2P3",
      "x": 1.875,
      "y": 1.875,
      "predX": 1.8228977918624878,
      "predY": 1.5800175666809082,
      "medianErrIn": 0.3269923953919055,
      "spreadIn": 0.015087993081014691,
      "nearInsert": false
    },
    {
      "label": "R2C3P1",
      "x": 2.125,
      "y": 1.125,
      "predX": 2.0900399287541709,
      "predY": 1.1123685638109844,
      "medianErrIn": 0.06492165405341245,
      "spreadIn": 0.015454615400447042,
      "nearInsert": false
    },
    {
      "label": "R2C3P2",
      "x": 2.875,
      "y": 1.125,
      "predX": 2.8409751256306968,
      "predY": 1.0976805090904236,
      "medianErrIn": 0.077316278783813364,
      "spreadIn": 0.020716983891348507,
      "nearInsert": false
    },
    {
      "label": "R2C3P3",
      "x": 2.875,
      "y": 1.875,
      "predX": 2.7705868482589722,
      "predY": 1.7566853562990825,
      "medianErrIn": 0.1891437247028939,
      "spreadIn": 0.01924254310361145,
      "nearInsert": false
    },
    {
      "label": "R2C3P4",
      "x": 2.125,
      "y": 1.875,
      "predX": 2.0312513907750449,
      "predY": 1.7081148624420166,
      "medianErrIn": 0.20625330746313866,
      "spreadIn": 0.019248957964914867,
      "nearInsert": false
    },
    {
      "label": "R2C4P1",
      "x": 3.125,
      "y": 1.125,
      "predX": 3.0734931627909341,
      "predY": 1.1002995769182842,
      "medianErrIn": 0.10217555384706407,
      "spreadIn": 0.034192414428256622,
      "nearInsert": false
    },
    {
      "label": "R2C4P2",
      "x": 3.875,
      "y": 1.125,
      "predX": 3.7399528026580811,
      "predY": 1.1334827740987141,
      "medianErrIn": 0.15053245844506688,
      "spreadIn": 0.033228027816089793,
      "nearInsert": false
    },
    {
      "label": "R2C4P3",
      "x": 3.875,
      "y": 1.875,