{
  "method": "CNN-REG",
  "task": "regression_xy_inches",
  "setup": "A3_F5_SamMed",
  "sessionSet": "last3",
  "inputKind": "physics",
  "freqGrid": "native791",
  "preproc": "v2_no_session_mean",
  "adjustKey": "A3_F5",
  "antennaMode": "all",
  "ports": [
    1,
    2,
    3,
    4
  ],
  "sparams": [
    "S11",
    "S12",
    "S13",
    "S14",
    "S21",
    "S22",
    "S23",
    "S24",
    "S31",
    "S32",
    "S33",
    "S34",
    "S41",
    "S42",
    "S43",
    "S44"
  ],
  "numRows": 80,
  "numSessions": 3,
  "sessionNames": [
    "BreastPhantom_A3_F5_FishingWeight_20260703_1432",
    "BreastPhantom_A3_F5_FishingWeight_20260703_1454",
    "BreastPhantom_A3_F5_FishingWeight_20260703_1516"
  ],
  "numPositions": 33,
  "numAdjustedTargets": 9,
  "folds": [
    {
      "testSession": "BreastPhantom_A3_F5_FishingWeight_20260703_1432",
      "trial": {
        "meanErrIn": 0.29746045063773924,
        "medianErrIn": 0.26875127461585807,
        "pctWithinHalfIn": 87.689393939393938,
        "pctWithin1In": 100
      },
      "position": {
        "meanErrIn": 0.29392068467545457,
        "medianErrIn": 0.26865022358349511,
        "pctWithinHalfIn": 87.878787878787875,
        "pctWithin1In": 100,
        "medianSpreadIn": 0.041347249665986158
      },
      "stratified": {
        "nearInsert": {
          "meanErrIn": 0.2493963699532655,
          "medianErrIn": 0.22882327726477247,
          "pctWithinHalfIn": 100,
          "pctWithin1In": 100,
          "medianSpreadIn": 0.031234100129479574,
          "n": 9
        },
        "exterior": {
          "meanErrIn": 0.31061730269627547,
          "medianErrIn": 0.29335004016090793,
          "pctWithinHalfIn": 83.333333333333343,
          "pctWithin1In": 100,
          "medianSpreadIn": 0.054439873166188174,
          "n": 24
        }
      },
      "baselineCentroid": {
        "meanErrIn": 1.4122188676760945,
        "medianErrIn": 1.3045849781082115,
        "pctWithinHalfIn": 9.0909090909090917,
        "pctWithin1In": 27.27272727272727
      }
    },
    {
      "testSession": "BreastPhantom_A3_F5_FishingWeight_20260703_1454",
      "trial": {
        "meanErrIn": 0.29269343443334617,
        "medianErrIn": 0.26027151211768551,
        "pctWithinHalfIn": 83.901515151515156,
        "pctWithin1In": 100
      },
      "position": {
        "meanErrIn": 0.29033509269177815,
        "medianErrIn": 0.27960712879345767,
        "pctWithinHalfIn": 81.818181818181827,
        "pctWithin1In": 100,
        "medianSpreadIn": 0.0355230434885605
      },
      "stratified": {
        "nearInsert": {
          "meanErrIn": 0.31483713355161796,
          "medianErrIn": 0.28003853048582567,
          "pctWithinHalfIn": 77.777777777777786,
          "pctWithin1In": 100,
          "medianSpreadIn": 0.021102265214890777,
          "n": 9
        },
        "exterior": {
          "meanErrIn": 0.28114682736933821,
          "medianErrIn": 0.26717653039786093,
          "pctWithinHalfIn": 83.333333333333343,
          "pctWithin1In": 100,
          "medianSpreadIn": 0.042036003240380933,
          "n": 24
        }
      },
      "baselineCentroid": {
        "meanErrIn": 1.4122188676760945,
        "medianErrIn": 1.3045849781082115,
        "pctWithinHalfIn": 9.0909090909090917,
        "pctWithin1In": 27.27272727272727
      }
    },
    {
      "testSession": "BreastPhantom_A3_F5_FishingWeight_20260703_1516",
      "trial": {
        "meanErrIn": 0.265768331548164,
        "medianErrIn": 0.24489595929615576,
        "pctWithinHalfIn": 93.939393939393938,
        "pctWithin1In": 100
      },
      "position": {
        "meanErrIn": 0.26262286078497554,
        "medianErrIn": 0.22615959977808825,
        "pctWithinHalfIn": 93.939393939393938,
        "pctWithin1In": 100,
        "medianSpreadIn": 0.036515216256281034
      },
      "stratified": {
        "nearInsert": {
          "meanErrIn": 0.19424618204969318,
          "medianErrIn": 0.17537424523960296,
          "pctWithinHalfIn": 100,
          "pctWithin1In": 100,
          "medianSpreadIn": 0.026561911812945264,
          "n": 9
        },
        "exterior": {
          "meanErrIn": 0.28826411531070639,
          "medianErrIn": 0.28077422714308442,
          "pctWithinHalfIn": 91.666666666666657,
          "pctWithin1In": 100,
          "medianSpreadIn": 0.041701680809879044,
          "n": 24
        }
      },
      "baselineCentroid": {
        "meanErrIn": 1.4122188676760945,
        "medianErrIn": 1.3045849781082115,
        "pctWithinHalfIn": 9.0909090909090917,
        "pctWithin1In": 27.27272727272727
      }
    }
  ],
  "losoTrialMeanErr": [
    0.28530740553974981,
    0.01708837822058417
  ],
  "losoTrialMedianErr": [
    0.25797291534323308,
    0.012092629060681887
  ],
  "losoPosMeanErr": [
    0.28229287938406944,
    0.017128816107217552
  ],
  "losoPosMedianErr": [
    0.25813898405168034,
    0.0282316171487497
  ],
  "losoPosPctHalfIn": [
    87.878787878787875,
    6.0606060606060552
  ],
  "losoPosPct1In": [
    100,
    0
  ],
  "losoPosMedianSpread": [
    0.037795169803609231,
    0.0031159356880043785
  ],
  "losoNearInsertMedianErr": [
    0.22807868433006706,
    0.052336115307734465
  ],
  "losoNearInsertPctHalfIn": [
    92.5925925925926,
    12.830005981991679
  ],
  "losoNearInsertMedianSpread": [
    0.026299425719105204,
    0.00507101507552627
  ],
  "losoExteriorMedianErr": [
    0.28043359923395111,
    0.013090079215132333
  ],
  "losoExteriorPctHalfIn": [
    86.111111111111128,
    4.81125224324687
  ],
  "losoExteriorMedianSpread": [
    0.046059185738816046,
    0.0072598129582220686
  ],
  "losoCentroidMedianErr": [
    1.3045849781082115,
    0
  ],
  "perPosition": [
    {
      "label": "R1C3P2",
      "x": 2.687,
      "y": 0.267,
      "medianErrIn": 0.16775056982769423,
      "spreadIn": 0.024504534827199553,
      "nearInsert": true
    },
    {
      "label": "R1C3P3",
      "x": 2.712,
      "y": 0.85,
      "medianErrIn": 0.21004541911977359,
      "spreadIn": 0.02224813273970443,
      "nearInsert": true
    },
    {
      "label": "R1C3P4",
      "x": 2.125,
      "y": 0.875,
      "medianErrIn": 0.14432982926270962,
      "spreadIn": 0.019496991155396968,
      "nearInsert": false
    },
    {
      "label": "R1C4P1",
      "x": 3.338,
      "y": 0.267,
      "medianErrIn": 0.16880212056095847,
      "spreadIn": 0.030598106692435442,
      "nearInsert": true
    },
    {
      "label": "R1C4P3",
      "x": 3.875,
      "y": 0.875,
      "medianErrIn": 0.27104061864375883,
      "spreadIn": 0.025933676365951844,
      "nearInsert": false
    },
    {
      "label": "R1C4P4",
      "x": 3.328,
      "y": 0.832,
      "medianErrIn": 0.21287021600560263,
      "spreadIn": 0.0244806438320108,
      "nearInsert": true
    },
    {
      "label": "R2C2P3",
      "x": 1.875,
      "y": 1.875,
      "medianErrIn": 0.14432787897412344,
      "spreadIn": 0.016458262814375263,
      "nearInsert": false
    },
    {
      "label": "R2C3P1",
      "x": 2.125,
      "y": 1.125,
      "medianErrIn": 0.14815870497623437,
      "spreadIn": 0.013575813137484067,
      "nearInsert": false
    },
    {
      "label": "R2C3P2",
      "x": 2.698,
      "y": 1.137,
      "medianErrIn": 0.19373716387048381,
      "spreadIn": 0.027675586876635003,
      "nearInsert": true
    },
    {
      "label": "R2C3P3",
      "x": 2.574,
      "y": 1.639,
      "medianErrIn": 0.20875936700415654,
      "spreadIn": 0.022002900232209608,
      "nearInsert": true
    },
    {
      "label": "R2C3P4",
      "x": 2.168,
      "y": 1.802,
      "medianErrIn": 0.19546670555959819,
      "spreadIn": 0.018150099263259414,
      "nearInsert": true
    },
    {
      "label": "R2C5P4",
      "x": 4.125,
      "y": 1.875,
      "medianErrIn": 0.30440131527123382,
      "spreadIn": 0.023704748294865612,
      "nearInsert": false
    },
    {
      "label": "R3C2P2",
      "x": 1.875,
      "y": 2.125,