{
  "method": "CNN-REG",
  "task": "regression_xy_inches",
  "setup": "June18",
  "sessionSet": "remap",
  "inputKind": "raw",
  "freqGrid": "native791",
  "preproc": "v2_no_session_mean",
  "adjustKey": "A3_Empty",
  "antennaMode": "refl",
  "ports": 1,
  "sparams": [
    "S11"
  ],
  "numRows": 2,
  "numSessions": 3,
  "sessionNames": [
    "BreastPhantom_A3_FishingWeight_20260618_1530",
    "BreastPhantom_A3_FishingWeight_20260618_1547",
    "BreastPhantom_A3_FishingWeight_20260618_1611"
  ],
  "numPositions": 51,
  "numAdjustedTargets": 0,
  "folds": [
    {
      "testSession": "BreastPhantom_A3_FishingWeight_20260618_1530",
      "trial": {
        "meanErrIn": 0.29527450430783925,
        "medianErrIn": 0.23384740051881495,
        "pctWithinHalfIn": 83.455882352941174,
        "pctWithin1In": 98.406862745098039
      },
      "position": {
        "meanErrIn": 0.29454414910966964,
        "medianErrIn": 0.23450196318679495,
        "pctWithinHalfIn": 82.35294117647058,
        "pctWithin1In": 98.0392156862745,
        "medianSpreadIn": 0.026606457362601955
      },
      "stratified": {
        "nearInsert": {
          "n": 0
        },
        "exterior": {
          "meanErrIn": 0.29454414910966964,
          "medianErrIn": 0.23450196318679495,
          "pctWithinHalfIn": 82.35294117647058,
          "pctWithin1In": 98.0392156862745,
          "medianSpreadIn": 0.026606457362601955,
          "n": 51
        }
      },
      "baselineCentroid": {
        "meanErrIn": 1.3904503658861882,
        "medianErrIn": 1.3417410805586698,
        "pctWithinHalfIn": 7.8431372549019605,
        "pctWithin1In": 23.52941176470588
      }
    },
    {
      "testSession": "BreastPhantom_A3_FishingWeight_20260618_1547",
      "trial": {
        "meanErrIn": 0.22177797913857197,
        "medianErrIn": 0.21049798965600636,
        "pctWithinHalfIn": 99.632352941176478,
        "pctWithin1In": 100
      },
      "position": {
        "meanErrIn": 0.21790722927481657,
        "medianErrIn": 0.20385906688298003,
        "pctWithinHalfIn": 100,
        "pctWithin1In": 100,
        "medianSpreadIn": 0.039228633392156542
      },
      "stratified": {
        "nearInsert": {
          "n": 0
        },
        "exterior": {
          "meanErrIn": 0.21790722927481657,
          "medianErrIn": 0.20385906688298003,
          "pctWithinHalfIn": 100,
          "pctWithin1In": 100,
          "medianSpreadIn": 0.039228633392156542,
          "n": 51
        }
      },
      "baselineCentroid": {
        "meanErrIn": 1.3904503658861882,
        "medianErrIn": 1.3417410805586698,
        "pctWithinHalfIn": 7.8431372549019605,
        "pctWithin1In": 23.52941176470588
      }
    },
    {
      "testSession": "BreastPhantom_A3_FishingWeight_20260618_1611",
      "trial": {
        "meanErrIn": 0.2564752445901779,
        "medianErrIn": 0.21858208800135667,
        "pctWithinHalfIn": 89.2156862745098,
        "pctWithin1In": 100
      },
      "position": {
        "meanErrIn": 0.2539700820642361,
        "medianErrIn": 0.22120202575293471,
        "pctWithinHalfIn": 86.274509803921575,
        "pctWithin1In": 100,
        "medianSpreadIn": 0.039567456124911186
      },
      "stratified": {
        "nearInsert": {
          "n": 0
        },
        "exterior": {
          "meanErrIn": 0.2539700820642361,
          "medianErrIn": 0.22120202575293471,
          "pctWithinHalfIn": 86.274509803921575,
          "pctWithin1In": 100,
          "medianSpreadIn": 0.039567456124911186,
          "n": 51
        }
      },
      "baselineCentroid": {
        "meanErrIn": 1.3904503658861882,
        "medianErrIn": 1.3417410805586698,
        "pctWithinHalfIn": 7.8431372549019605,
        "pctWithin1In": 23.52941176470588
      }
    }
  ],
  "losoTrialMeanErr": [
    0.25784257601219635,
    0.03676733603896825
  ],
  "losoTrialMedianErr": [
    0.220975826058726,
    0.011857328254102382
  ],
  "losoPosMeanErr": [
    0.25547382014957409,
    0.038340582828321687
  ],
  "losoPosMedianErr": [
    0.21985435194090322,
    0.015365836846697128
  ],
  "losoPosPctHalfIn": [
    89.542483660130713,
    9.26630514951492
  ],
  "losoPosPct1In": [
    99.346405228758158,
    1.1320593513522117
  ],
  "losoPosMedianSpread": [
    0.03513418229322323,
    0.0073871692535309166
  ],
  "losoNearInsertMedianErr": [
    null,
    null
  ],
  "losoNearInsertPctHalfIn": [
    null,
    null
  ],
  "losoNearInsertMedianSpread": [
    null,
    null
  ],
  "losoExteriorMedianErr": [
    0.21985435194090322,
    0.015365836846697128
  ],
  "losoExteriorPctHalfIn": [
    89.542483660130713,
    9.26630514951492
  ],
  "losoExteriorMedianSpread": [
    0.03513418229322323,
    0.0073871692535309166
  ],
  "losoCentroidMedianErr": [
    1.3417410805586698,
    0
  ],
  "perPosition": [
    {
      "label": "R1C3P3",
      "x": 2.875,
      "y": 0.875,
      "predX": 2.8428329229354858,
      "predY": 0.96812207500139869,
      "medianErrIn": 0.28188855825767906,
      "spreadIn": 0.060556472558101919,
      "nearInsert": false
    },
    {
      "label": "R1C3P4",
      "x": 2.125,
      "y": 0.875,
      "predX": 2.1078912019729614,
      "predY": 0.96340328454971313,
      "medianErrIn": 0.11590093598687201,
      "spreadIn": 0.022449656429107904,
      "nearInsert": false
    },
    {
      "label": "R1C4P3",
      "x": 3.875,
      "y": 0.875,
      "predX": 3.7901071707407632,
      "predY": 0.9640668431917826,
      "medianErrIn": 0.21753682691912832,
      "spreadIn": 0.044349212901886571,
      "nearInsert": false
    },
    {
      "label": "R1C4P4",
      "x": 3.125,
      "y": 0.875,
      "predX": 3.0521448453267417,
      "predY": 0.95427534977595008,
      "medianErrIn": 0.19121062219206375,
      "spreadIn": 0.045466438600897746,
      "nearInsert": false
    },
    {
      "label": "R2C2P2",
      "x": 1.875,
      "y": 1.125,
      "predX": 1.7871694763501484,
      "predY": 1.0837705731391907,
      "medianErrIn": 0.2419161546452567,
      "spreadIn": 0.0342150277194344,
      "nearInsert": false
    },
    {
      "label": "R2C2P3",
      "x": 1.875,
      "y": 1.875,
      "predX": 1.9093987941741943,
      "predY": 1.8745820720990498,
      "medianErrIn": 0.20316571306282358,
      "spreadIn": 0.016033933662385359,
      "nearInsert": false
    },
    {
      "label": "R2C3P1",
      "x": 2.125,
      "y": 1.125,
      "predX": 2.1235850254694619,
      "predY": 1.1705973744392395,
      "medianErrIn": 0.17821057512125504,
      "spreadIn": 0.018517467521848921,
      "nearInsert": false
    },
    {
      "label": "R2C3P2",
      "x": 2.875,
      "y": 1.125,
      "predX": 2.8720948696136475,
      "predY": 1.1075052917003632,
      "medianErrIn": 0.23298440069901086,
      "spreadIn": 0.03013665473025803,
      "nearInsert": false
    },
    {
      "label": "R2C3P3",
      "x": 2.875,
      "y": 1.875,
      "predX": 2.7540607849756875,
      "predY": 1.7554494341214497,
      "medianErrIn": 0.28881862389513796,
      "spreadIn": 0.032113173153322488,
      "nearInsert": false
    },
    {
      "label": "R2C3P4",
      "x": 2.125,
      "y": 1.875,
      "predX": 2.0969177881876626,
      "predY": 1.887227753798167,
      "medianErrIn": 0.078189977056377216,
      "spreadIn": 0.017974376697021881,
      "nearInsert": false
    },
    {
      "label": "R2C4P1",
      "x": 3.125,
      "y": 1.125,
      "predX": 3.1479525963465371,
      "predY": 1.101764718691508,
      "medianErrIn": 0.18639886468720399,
      "spreadIn": 0.032148029303404817,
      "nearInsert": false
    },
    {
      "label": "R2C4P2",
      "x": 3.875,
      "y": 1.125,
      "predX": 3.7152277628580728,
      "predY": 1.1306390166282654,
      "medianErrIn": 0.19858824469714262,
      "spreadIn": 0.049768653504299015,
      "nearInsert": false
    },
    {
      "label": "R2C4P3",
      "x": 3.875,
      "y": 1.875,
      "predX": 3.7369249661763511,
      "predY": 1.8743364810943604,