{
  "method": "CNN-REG",
  "task": "regression_xy_inches",
  "setup": "A3_F4_SamMed",
  "sessionSet": "all4",
  "inputKind": "raw",
  "freqGrid": "native791",
  "preproc": "v2_no_session_mean",
  "adjustKey": "A3_F4",
  "antennaMode": "refl",
  "ports": [
    1,
    2,
    3,
    4
  ],
  "sparams": [
    "S11",
    "S22",
    "S33",
    "S44"
  ],
  "numRows": 8,
  "numSessions": 4,
  "sessionNames": [
    "BreastPhantom_A3_F4_FishingWeight_20260703_1623",
    "BreastPhantom_A3_F4_FishingWeight_20260703_1642",
    "BreastPhantom_A3_F4_FishingWeight_20260703_1707",
    "BreastPhantom_A3_F4_FishingWeight_20260703_1726"
  ],
  "numPositions": 39,
  "numAdjustedTargets": 16,
  "folds": [
    {
      "testSession": "BreastPhantom_A3_F4_FishingWeight_20260703_1623",
      "trial": {
        "meanErrIn": 0.17605000473476784,
        "medianErrIn": 0.15102624951428295,
        "pctWithinHalfIn": 100,
        "pctWithin1In": 100
      },
      "position": {
        "meanErrIn": 0.17076948634869707,
        "medianErrIn": 0.15158821450784565,
        "pctWithinHalfIn": 100,
        "pctWithin1In": 100,
        "medianSpreadIn": 0.02941807734751099
      },
      "stratified": {
        "nearInsert": {
          "meanErrIn": 0.16388091161020391,
          "medianErrIn": 0.1418442979308086,
          "pctWithinHalfIn": 100,
          "pctWithin1In": 100,
          "medianSpreadIn": 0.028011653724604929,
          "n": 16
        },
        "exterior": {
          "meanErrIn": 0.17556153834069238,
          "medianErrIn": 0.16627537140994542,
          "pctWithinHalfIn": 100,
          "pctWithin1In": 100,
          "medianSpreadIn": 0.037522926525652263,
          "n": 23
        }
      },
      "baselineCentroid": {
        "meanErrIn": 1.6026601891683558,
        "medianErrIn": 1.7335226813966131,
        "pctWithinHalfIn": 7.6923076923076925,
        "pctWithin1In": 23.076923076923077
      }
    },
    {
      "testSession": "BreastPhantom_A3_F4_FishingWeight_20260703_1642",
      "trial": {
        "meanErrIn": 0.33119997004886303,
        "medianErrIn": 0.28554703586100394,
        "pctWithinHalfIn": 81.570512820512818,
        "pctWithin1In": 97.435897435897431
      },
      "position": {
        "meanErrIn": 0.32860796064058423,
        "medianErrIn": 0.29115494134452369,
        "pctWithinHalfIn": 82.051282051282044,
        "pctWithin1In": 97.435897435897431,
        "medianSpreadIn": 0.026914408020428486
      },
      "stratified": {
        "nearInsert": {
          "meanErrIn": 0.2824805137683255,
          "medianErrIn": 0.2207420055377193,
          "pctWithinHalfIn": 87.5,
          "pctWithin1In": 100,
          "medianSpreadIn": 0.025784061852421068,
          "n": 16
        },
        "exterior": {
          "meanErrIn": 0.36069661933432945,
          "medianErrIn": 0.34126146210654451,
          "pctWithinHalfIn": 78.260869565217391,
          "pctWithin1In": 95.652173913043484,
          "medianSpreadIn": 0.027758143790722233,
          "n": 23
        }
      },
      "baselineCentroid": {
        "meanErrIn": 1.6026601891683558,
        "medianErrIn": 1.7335226813966131,
        "pctWithinHalfIn": 7.6923076923076925,
        "pctWithin1In": 23.076923076923077
      }
    },
    {
      "testSession": "BreastPhantom_A3_F4_FishingWeight_20260703_1707",
      "trial": {
        "meanErrIn": 0.45247723855458644,
        "medianErrIn": 0.33219610433788715,
        "pctWithinHalfIn": 67.46794871794873,
        "pctWithin1In": 87.980769230769226
      },
      "position": {
        "meanErrIn": 0.45250582519911503,
        "medianErrIn": 0.35834666732496651,
        "pctWithinHalfIn": 66.666666666666657,
        "pctWithin1In": 87.179487179487182,
        "medianSpreadIn": 0.03352707063890218
      },
      "stratified": {
        "nearInsert": {
          "meanErrIn": 0.40927047562285324,
          "medianErrIn": 0.2755599140077345,
          "pctWithinHalfIn": 75,
          "pctWithin1In": 87.5,
          "medianSpreadIn": 0.035116266215049569,
          "n": 16
        },
        "exterior": {
          "meanErrIn": 0.48258259012173182,
          "medianErrIn": 0.37612523273833209,
          "pctWithinHalfIn": 60.869565217391312,
          "pctWithin1In": 86.956521739130437,
          "medianSpreadIn": 0.03352707063890218,
          "n": 23
        }
      },
      "baselineCentroid": {
        "meanErrIn": 1.6026601891683558,
        "medianErrIn": 1.7335226813966131,
        "pctWithinHalfIn": 7.6923076923076925,
        "pctWithin1In": 23.076923076923077
      }
    },
    {
      "testSession": "BreastPhantom_A3_F4_FishingWeight_20260703_1726",
      "trial": {
        "meanErrIn": 0.23678971680647834,
        "medianErrIn": 0.20783300708069433,
        "pctWithinHalfIn": 95.512820512820511,
        "pctWithin1In": 100
      },
      "position": {
        "meanErrIn": 0.2358399489855868,
        "medianErrIn": 0.21113117197184722,
        "pctWithinHalfIn": 94.871794871794862,
        "pctWithin1In": 100,
        "medianSpreadIn": 0.036608329243531357
      },
      "stratified": {
        "nearInsert": {
          "meanErrIn": 0.23623100822061302,
          "medianErrIn": 0.18719529647892275,
          "pctWithinHalfIn": 93.75,
          "pctWithin1In": 100,
          "medianSpreadIn": 0.0377796900326335,
          "n": 16
        },
        "exterior": {
          "meanErrIn": 0.23556790777861203,
          "medianErrIn": 0.22303535427001156,
          "pctWithinHalfIn": 95.652173913043484,
          "pctWithin1In": 100,
          "medianSpreadIn": 0.036002150321280825,
          "n": 23
        }
      },
      "baselineCentroid": {
        "meanErrIn": 1.6026601891683558,
        "medianErrIn": 1.7335226813966131,
        "pctWithinHalfIn": 7.6923076923076925,
        "pctWithin1In": 23.076923076923077
      }
    }
  ],
  "losoTrialMeanErr": [
    0.29912923253617391,
    0.12052503846647282
  ],
  "losoTrialMedianErr": [
    0.24415059919846707,
    0.080533198009570747
  ],
  "losoPosMeanErr": [
    0.2969308052934958,
    0.12227809849116099
  ],
  "losoPosMedianErr": [
    0.25305524878729574,
    0.09053738942728759
  ],
  "losoPosPctHalfIn": [
    85.897435897435884,
    14.877688192760012
  ],
  "losoPosPct1In": [
    96.15384615384616,
    6.1037849816605529
  ],
  "losoPosMedianSpread": [
    0.031616971312593251,
    0.004301603174693332
  ],
  "losoNearInsertMedianErr": [
    0.20633537848879629,
    0.056347225402324348
  ],
  "losoNearInsertPctHalfIn": [
    89.0625,
    10.673907047874582
  ],
  "losoNearInsertMedianSpread": [
    0.031672917956177271,
    0.005693059939077932
  ],
  "losoExteriorMedianErr": [
    0.27667435513120842,
    0.098534341668858064
  ],
  "losoExteriorPctHalfIn": [
    83.695652173913047,
    17.882554607613137
  ],
  "losoExteriorMedianSpread": [
    0.033702572819139374,
    0.0042914720326238578
  ],
  "losoCentroidMedianErr": [
    1.7335226813966131,
    0
  ],
  "perPosition": [
    {
      "label": "R1C3P2",
      "x": 2.695,
      "y": 0.138,
      "predX": 2.5130114555358887,
      "predY": 0.27209804207086563,
      "medianErrIn": 0.24143446015695563,
      "spreadIn": 0.032220279039403277,
      "nearInsert": true
    },
    {
      "label": "R1C3P3",
      "x": 2.656,
      "y": 0.851,
      "predX": 2.5135262310504913,
      "predY": 0.85749331116676331,
      "medianErrIn": 0.15492541941566862,
      "spreadIn": 0.023836942696732991,
      "nearInsert": true
    },
    {
      "label": "R1C3P4",
      "x": 2.125,
      "y": 0.875,
      "predX": 2.0785464644432068,
      "predY": 0.921910934150219,
      "medianErrIn": 0.07571364858645338,
      "spreadIn": 0.017039490195368122,
      "nearInsert": false
    },
    {
      "label": "R1C4P1",
      "x": 3.31,
      "y": 0.171,
      "predX": 3.0771439075469971,
      "predY": 0.32198348641395569,
      "medianErrIn": 0.30791655059699069,
      "spreadIn": 0.036611412832932747,