{
  "method": "CNN-REG",
  "task": "regression_xy_inches",
  "setup": "June18",
  "sessionSet": "remap",
  "inputKind": "raw",
  "freqGrid": "native791",
  "preproc": "v2_no_session_mean",
  "adjustKey": "A3_Empty",
  "antennaMode": "refl",
  "ports": [
    1,
    2,
    3,
    4
  ],
  "sparams": [
    "S11",
    "S22",
    "S33",
    "S44"
  ],
  "numRows": 8,
  "numSessions": 3,
  "sessionNames": [
    "BreastPhantom_A3_FishingWeight_20260618_1530",
    "BreastPhantom_A3_FishingWeight_20260618_1547",
    "BreastPhantom_A3_FishingWeight_20260618_1611"
  ],
  "numPositions": 51,
  "numAdjustedTargets": 0,
  "folds": [
    {
      "testSession": "BreastPhantom_A3_FishingWeight_20260618_1530",
      "trial": {
        "meanErrIn": 0.32171065493659412,
        "medianErrIn": 0.26913036230398973,
        "pctWithinHalfIn": 78.063725490196077,
        "pctWithin1In": 100
      },
      "position": {
        "meanErrIn": 0.32142586919092225,
        "medianErrIn": 0.26159991335953897,
        "pctWithinHalfIn": 78.431372549019613,
        "pctWithin1In": 100,
        "medianSpreadIn": 0.018289977509296982
      },
      "stratified": {
        "nearInsert": {
          "n": 0
        },
        "exterior": {
          "meanErrIn": 0.32142586919092225,
          "medianErrIn": 0.26159991335953897,
          "pctWithinHalfIn": 78.431372549019613,
          "pctWithin1In": 100,
          "medianSpreadIn": 0.018289977509296982,
          "n": 51
        }
      },
      "baselineCentroid": {
        "meanErrIn": 1.3904503658861882,
        "medianErrIn": 1.3417410805586698,
        "pctWithinHalfIn": 7.8431372549019605,
        "pctWithin1In": 23.52941176470588
      }
    },
    {
      "testSession": "BreastPhantom_A3_FishingWeight_20260618_1547",
      "trial": {
        "meanErrIn": 0.2121547146668844,
        "medianErrIn": 0.17028647887641607,
        "pctWithinHalfIn": 96.078431372549019,
        "pctWithin1In": 100
      },
      "position": {
        "meanErrIn": 0.21050525325587979,
        "medianErrIn": 0.16936232767925297,
        "pctWithinHalfIn": 96.078431372549019,
        "pctWithin1In": 100,
        "medianSpreadIn": 0.019235410335462486
      },
      "stratified": {
        "nearInsert": {
          "n": 0
        },
        "exterior": {
          "meanErrIn": 0.21050525325587979,
          "medianErrIn": 0.16936232767925297,
          "pctWithinHalfIn": 96.078431372549019,
          "pctWithin1In": 100,
          "medianSpreadIn": 0.019235410335462486,
          "n": 51
        }
      },
      "baselineCentroid": {
        "meanErrIn": 1.3904503658861882,
        "medianErrIn": 1.3417410805586698,
        "pctWithinHalfIn": 7.8431372549019605,
        "pctWithin1In": 23.52941176470588
      }
    },
    {
      "testSession": "BreastPhantom_A3_FishingWeight_20260618_1611",
      "trial": {
        "meanErrIn": 0.15518933766354784,
        "medianErrIn": 0.13763891822439106,
        "pctWithinHalfIn": 100,
        "pctWithin1In": 100
      },
      "position": {
        "meanErrIn": 0.1536555455888676,
        "medianErrIn": 0.14123981292422158,
        "pctWithinHalfIn": 100,
        "pctWithin1In": 100,
        "medianSpreadIn": 0.020585579173562706
      },
      "stratified": {
        "nearInsert": {
          "n": 0
        },
        "exterior": {
          "meanErrIn": 0.1536555455888676,
          "medianErrIn": 0.14123981292422158,
          "pctWithinHalfIn": 100,
          "pctWithin1In": 100,
          "medianSpreadIn": 0.020585579173562706,
          "n": 51
        }
      },
      "baselineCentroid": {
        "meanErrIn": 1.3904503658861882,
        "medianErrIn": 1.3417410805586698,
        "pctWithinHalfIn": 7.8431372549019605,
        "pctWithin1In": 23.52941176470588
      }
    }
  ],
  "losoTrialMeanErr": [
    0.2296849024223421,
    0.084633432452216162
  ],
  "losoTrialMedianErr": [
    0.19235191980159896,
    0.068466508082065988
  ],
  "losoPosMeanErr": [
    0.22852888934522322,
    0.0853250195651624
  ],
  "losoPosMedianErr": [
    0.19073401798767117,
    0.062961895652681274
  ],
  "losoPosPctHalfIn": [
    91.503267973856211,
    11.489147602122184
  ],
  "losoPosPct1In": [
    100,
    0
  ],
  "losoPosMedianSpread": [
    0.019370322339440724,
    0.0011537320689215317
  ],
  "losoNearInsertMedianErr": [
    null,
    null
  ],
  "losoNearInsertPctHalfIn": [
    null,
    null
  ],
  "losoNearInsertMedianSpread": [
    null,
    null
  ],
  "losoExteriorMedianErr": [
    0.19073401798767117,
    0.062961895652681274
  ],
  "losoExteriorPctHalfIn": [
    91.503267973856211,
    11.489147602122184
  ],
  "losoExteriorMedianSpread": [
    0.019370322339440724,
    0.0011537320689215317
  ],
  "losoCentroidMedianErr": [
    1.3417410805586698,
    0
  ],
  "perPosition": [
    {
      "label": "R1C3P3",
      "x": 2.875,
      "y": 0.875,
      "predX": 2.7676275968551636,
      "predY": 0.89412038524945581,
      "medianErrIn": 0.19202255624681777,
      "spreadIn": 0.034605060564517377,
      "nearInsert": false
    },
    {
      "label": "R1C3P4",
      "x": 2.125,
      "y": 0.875,
      "predX": 2.0363285144170127,
      "predY": 0.825423945983251,
      "medianErrIn": 0.11240362979243568,
      "spreadIn": 0.017008235493729051,
      "nearInsert": false
    },
    {
      "label": "R1C4P3",
      "x": 3.875,
      "y": 0.875,
      "predX": 3.6579285860061646,
      "predY": 0.93879812955856323,
      "medianErrIn": 0.23227453615271246,
      "spreadIn": 0.028143763031092246,
      "nearInsert": false
    },
    {
      "label": "R1C4P4",
      "x": 3.125,
      "y": 0.875,
      "predX": 3.002234180768331,
      "predY": 0.89157605171203613,
      "medianErrIn": 0.14068464151226867,
      "spreadIn": 0.02094734417202403,
      "nearInsert": false
    },
    {
      "label": "R2C2P2",
      "x": 1.875,
      "y": 1.125,
      "predX": 1.790669322013855,
      "predY": 1.0447292427221935,
      "medianErrIn": 0.11853721717890191,
      "spreadIn": 0.02529647341173541,
      "nearInsert": false
    },
    {
      "label": "R2C2P3",
      "x": 1.875,
      "y": 1.875,
      "predX": 1.81255042552948,
      "predY": 1.7063695788383484,
      "medianErrIn": 0.18261832600317,
      "spreadIn": 0.020443621902444385,
      "nearInsert": false
    },
    {
      "label": "R2C3P1",
      "x": 2.125,
      "y": 1.125,
      "predX": 2.0209891200065613,
      "predY": 1.0604435801506042,
      "medianErrIn": 0.12673920234789762,
      "spreadIn": 0.018915972256284771,
      "nearInsert": false
    },
    {
      "label": "R2C3P2",
      "x": 2.875,
      "y": 1.125,
      "predX": 2.8164476156234741,
      "predY": 1.0939997633298237,
      "medianErrIn": 0.1070285932203489,
      "spreadIn": 0.019866775421789915,
      "nearInsert": false
    },
    {
      "label": "R2C3P3",
      "x": 2.875,
      "y": 1.875,
      "predX": 2.7412592967351279,
      "predY": 1.7505067189534504,
      "medianErrIn": 0.22453416709390719,
      "spreadIn": 0.021609009186403252,
      "nearInsert": false
    },
    {
      "label": "R2C3P4",
      "x": 2.125,
      "y": 1.875,
      "predX": 2.0458069443702698,
      "predY": 1.7379040320714314,
      "medianErrIn": 0.186127516599115,
      "spreadIn": 0.023129061998735684,
      "nearInsert": false
    },
    {
      "label": "R2C4P1",
      "x": 3.125,
      "y": 1.125,
      "predX": 3.0711542367935181,
      "predY": 1.120084782441457,
      "medianErrIn": 0.1768206456614547,
      "spreadIn": 0.022096342951753476,
      "nearInsert": false
    },
    {
      "label": "R2C4P2",
      "x": 3.875,
      "y": 1.125,
      "predX": 3.6885974009831748,
      "predY": 1.170617659886678,
      "medianErrIn": 0.193674912265563,
      "spreadIn": 0.020443179214834222,
      "nearInsert": false
    },
    {
      "label": "R2C4P3",
      "x": 3.875,
      "y": 1.875,
      "predX": 3.7510433594385781,
      "predY": 1.8390629490216572,
      "medianErrIn": 0.19151283784415432,