{
  "method": "CNN-REG",
  "task": "regression_xy_inches",
  "setup": "A3_F5_SamMed",
  "sessionSet": "last3",
  "inputKind": "raw",
  "freqGrid": "native791",
  "preproc": "v2_no_session_mean",
  "adjustKey": "A3_F5",
  "antennaMode": "all",
  "ports": [
    1,
    2,
    3,
    4
  ],
  "sparams": [
    "S11",
    "S12",
    "S13",
    "S14",
    "S21",
    "S22",
    "S23",
    "S24",
    "S31",
    "S32",
    "S33",
    "S34",
    "S41",
    "S42",
    "S43",
    "S44"
  ],
  "numRows": 32,
  "numSessions": 3,
  "sessionNames": [
    "BreastPhantom_A3_F5_FishingWeight_20260703_1432",
    "BreastPhantom_A3_F5_FishingWeight_20260703_1454",
    "BreastPhantom_A3_F5_FishingWeight_20260703_1516"
  ],
  "numPositions": 33,
  "numAdjustedTargets": 9,
  "folds": [
    {
      "testSession": "BreastPhantom_A3_F5_FishingWeight_20260703_1432",
      "trial": {
        "meanErrIn": 0.2338870556476671,
        "medianErrIn": 0.19232200724795107,
        "pctWithinHalfIn": 93.939393939393938,
        "pctWithin1In": 100
      },
      "position": {
        "meanErrIn": 0.22629955265879917,
        "medianErrIn": 0.18780713341988473,
        "pctWithinHalfIn": 96.969696969696969,
        "pctWithin1In": 100,
        "medianSpreadIn": 0.057303871573299338
      },
      "stratified": {
        "nearInsert": {
          "meanErrIn": 0.17347465237845916,
          "medianErrIn": 0.1813025798395223,
          "pctWithinHalfIn": 100,
          "pctWithin1In": 100,
          "medianSpreadIn": 0.033511152274753063,
          "n": 9
        },
        "exterior": {
          "meanErrIn": 0.24610889026392666,
          "medianErrIn": 0.19561851935969282,
          "pctWithinHalfIn": 95.833333333333343,
          "pctWithin1In": 100,
          "medianSpreadIn": 0.0708411341111991,
          "n": 24
        }
      },
      "baselineCentroid": {
        "meanErrIn": 1.4122188676760945,
        "medianErrIn": 1.3045849781082115,
        "pctWithinHalfIn": 9.0909090909090917,
        "pctWithin1In": 27.27272727272727
      }
    },
    {
      "testSession": "BreastPhantom_A3_F5_FishingWeight_20260703_1454",
      "trial": {
        "meanErrIn": 0.32593100088743404,
        "medianErrIn": 0.27725357164252307,
        "pctWithinHalfIn": 77.272727272727266,
        "pctWithin1In": 100
      },
      "position": {
        "meanErrIn": 0.32582038696367394,
        "medianErrIn": 0.26848956842776583,
        "pctWithinHalfIn": 78.787878787878782,
        "pctWithin1In": 100,
        "medianSpreadIn": 0.049888421589737289
      },
      "stratified": {
        "nearInsert": {
          "meanErrIn": 0.28036826027552647,
          "medianErrIn": 0.17028930685437335,
          "pctWithinHalfIn": 77.777777777777786,
          "pctWithin1In": 100,
          "medianSpreadIn": 0.0289045938339481,
          "n": 9
        },
        "exterior": {
          "meanErrIn": 0.34286493447172917,
          "medianErrIn": 0.31626745522377009,
          "pctWithinHalfIn": 79.166666666666657,
          "pctWithin1In": 100,
          "medianSpreadIn": 0.063028496468937809,
          "n": 24
        }
      },
      "baselineCentroid": {
        "meanErrIn": 1.4122188676760945,
        "medianErrIn": 1.3045849781082115,
        "pctWithinHalfIn": 9.0909090909090917,
        "pctWithin1In": 27.27272727272727
      }
    },
    {
      "testSession": "BreastPhantom_A3_F5_FishingWeight_20260703_1516",
      "trial": {
        "meanErrIn": 0.25060889120394775,
        "medianErrIn": 0.21722324564892287,
        "pctWithinHalfIn": 94.6969696969697,
        "pctWithin1In": 100
      },
      "position": {
        "meanErrIn": 0.24639092690358924,
        "medianErrIn": 0.2134033183280796,
        "pctWithinHalfIn": 93.939393939393938,
        "pctWithin1In": 100,
        "medianSpreadIn": 0.052986264733230523
      },
      "stratified": {
        "nearInsert": {
          "meanErrIn": 0.26000989122631246,
          "medianErrIn": 0.26372248352412025,
          "pctWithinHalfIn": 100,
          "pctWithin1In": 100,
          "medianSpreadIn": 0.032719576778371208,
          "n": 9
        },
        "exterior": {
          "meanErrIn": 0.24128381528256806,
          "medianErrIn": 0.20549509793680121,
          "pctWithinHalfIn": 91.666666666666657,
          "pctWithin1In": 100,
          "medianSpreadIn": 0.05961086675458286,
          "n": 24
        }
      },
      "baselineCentroid": {
        "meanErrIn": 1.4122188676760945,
        "medianErrIn": 1.3045849781082115,
        "pctWithinHalfIn": 9.0909090909090917,
        "pctWithin1In": 27.27272727272727
      }
    }
  ],
  "losoTrialMeanErr": [
    0.2701423159130163,
    0.049032519560735822
  ],
  "losoTrialMedianErr": [
    0.22893294151313234,
    0.043659825819070165
  ],
  "losoPosMeanErr": [
    0.26617028884202076,
    0.05262619579832073
  ],
  "losoPosMedianErr": [
    0.22323334005857673,
    0.041229671659094913
  ],
  "losoPosPctHalfIn": [
    89.8989898989899,
    9.7410613747403616
  ],
  "losoPosPct1In": [
    100,
    0
  ],
  "losoPosMedianSpread": [
    0.053392852632089059,
    0.0037244073225549917
  ],
  "losoNearInsertMedianErr": [
    0.205104790072672,
    0.051062202602681808
  ],
  "losoNearInsertPctHalfIn": [
    92.5925925925926,
    12.830005981991679
  ],
  "losoNearInsertMedianSpread": [
    0.031711774295690796,
    0.002463096536924704
  ],
  "losoExteriorMedianErr": [
    0.23912702417342138,
    0.066987844256048812
  ],
  "losoExteriorPctHalfIn": [
    88.888888888888872,
    8.673608331108893
  ],
  "losoExteriorMedianSpread": [
    0.064493499111573246,
    0.0057566831407040936
  ],
  "losoCentroidMedianErr": [
    1.3045849781082115,
    0
  ],
  "perPosition": [
    {
      "label": "R1C3P2",
      "x": 2.687,
      "y": 0.267,
      "predX": 2.4666886329650879,
      "predY": 0.26802260677019757,
      "medianErrIn": 0.22230428476784556,
      "spreadIn": 0.025739286905754149,
      "nearInsert": true
    },
    {
      "label": "R1C3P3",
      "x": 2.712,
      "y": 0.85,
      "predX": 2.64634907245636,
      "predY": 0.8433876633644104,
      "medianErrIn": 0.1772761667427577,
      "spreadIn": 0.032483345064351042,
      "nearInsert": true
    },
    {
      "label": "R1C3P4",
      "x": 2.125,
      "y": 0.875,
      "predX": 2.0477524201075235,
      "predY": 0.84434843063354492,
      "medianErrIn": 0.12166402693396539,
      "spreadIn": 0.01834463547546936,
      "nearInsert": false
    },
    {
      "label": "R1C4P1",
      "x": 3.338,
      "y": 0.267,
      "predX": 3.2151049375534058,
      "predY": 0.3102211405833562,
      "medianErrIn": 0.15051156421833969,
      "spreadIn": 0.032874415476244929,
      "nearInsert": true
    },
    {
      "label": "R1C4P3",
      "x": 3.875,
      "y": 0.875,
      "predX": 3.7369331518809,
      "predY": 0.87205272912979126,
      "medianErrIn": 0.17061269105555335,
      "spreadIn": 0.039677223225698548,
      "nearInsert": false
    },
    {
      "label": "R1C4P4",
      "x": 3.328,
      "y": 0.832,
      "predX": 3.2917955319086709,
      "predY": 0.88475066423416138,
      "medianErrIn": 0.095813653223476583,
      "spreadIn": 0.03056625151803526,
      "nearInsert": true
    },
    {
      "label": "R2C2P3",
      "x": 1.875,
      "y": 1.875,
      "predX": 1.8541009426116943,
      "predY": 1.7936869064966838,
      "medianErrIn": 0.12255518750572121,
      "spreadIn": 0.01508612613279353,
      "nearInsert": false
    },
    {
      "label": "R2C3P1",
      "x": 2.125,
      "y": 1.125,
      "predX": 2.0909871657689414,
      "predY": 1.1228722929954529,
      "medianErrIn": 0.16035747361469491,
      "spreadIn": 0.02209069676693028,
      "nearInsert": false
    },
    {
      "label": "R2C3P2",
      "x": 2.698,
      "y": 1.137,
      "predX": 2.6132264931996665,
      "predY": 1.0790643393993378,
      "medianErrIn": 0.20053974336561375,
      "spreadIn": 0.030571083637417267,