{
  "method": "CNN-REG",
  "task": "regression_xy_inches",
  "setup": "June18",
  "sessionSet": "smoke2",
  "inputKind": "physics",
  "freqGrid": "native791",
  "preproc": "v2_no_session_mean",
  "adjustKey": "A3_Empty",
  "antennaMode": "all",
  "ports": [
    1,
    2,
    3,
    4
  ],
  "sparams": [
    "S11",
    "S12",
    "S13",
    "S14",
    "S21",
    "S22",
    "S23",
    "S24",
    "S31",
    "S32",
    "S33",
    "S34",
    "S41",
    "S42",
    "S43",
    "S44"
  ],
  "numRows": 80,
  "numSessions": 3,
  "sessionNames": [
    "BreastPhantom_A3_FishingWeight_20260618_1530",
    "BreastPhantom_A3_FishingWeight_20260618_1547",
    "BreastPhantom_A3_FishingWeight_20260618_1611"
  ],
  "numPositions": 51,
  "numAdjustedTargets": 0,
  "folds": [
    {
      "testSession": "BreastPhantom_A3_FishingWeight_20260618_1530",
      "trial": {
        "meanErrIn": 0.4781147688967472,
        "medianErrIn": 0.42219583637899871,
        "pctWithinHalfIn": 59.313725490196077,
        "pctWithin1In": 93.259803921568633
      },
      "position": {
        "meanErrIn": 0.476762074326722,
        "medianErrIn": 0.42200109546422171,
        "pctWithinHalfIn": 58.82352941176471,
        "pctWithin1In": 92.156862745098039,
        "medianSpreadIn": 0.019573354732155372
      },
      "stratified": {
        "nearInsert": {
          "n": 0
        },
        "exterior": {
          "meanErrIn": 0.476762074326722,
          "medianErrIn": 0.42200109546422171,
          "pctWithinHalfIn": 58.82352941176471,
          "pctWithin1In": 92.156862745098039,
          "medianSpreadIn": 0.019573354732155372,
          "n": 51
        }
      },
      "baselineCentroid": {
        "meanErrIn": 1.3904503658861882,
        "medianErrIn": 1.3417410805586698,
        "pctWithinHalfIn": 7.8431372549019605,
        "pctWithin1In": 23.52941176470588
      }
    },
    {
      "testSession": "BreastPhantom_A3_FishingWeight_20260618_1547",
      "trial": {
        "meanErrIn": 0.41782814698110643,
        "medianErrIn": 0.398433358606749,
        "pctWithinHalfIn": 63.970588235294116,
        "pctWithin1In": 98.161764705882348
      },
      "position": {
        "meanErrIn": 0.41800145459637705,
        "medianErrIn": 0.4089424218762655,
        "pctWithinHalfIn": 64.705882352941174,
        "pctWithin1In": 98.0392156862745,
        "medianSpreadIn": 0.018807858661551189
      },
      "stratified": {
        "nearInsert": {
          "n": 0
        },
        "exterior": {
          "meanErrIn": 0.41800145459637705,
          "medianErrIn": 0.4089424218762655,
          "pctWithinHalfIn": 64.705882352941174,
          "pctWithin1In": 98.0392156862745,
          "medianSpreadIn": 0.018807858661551189,
          "n": 51
        }
      },
      "baselineCentroid": {
        "meanErrIn": 1.3904503658861882,
        "medianErrIn": 1.3417410805586698,
        "pctWithinHalfIn": 7.8431372549019605,
        "pctWithin1In": 23.52941176470588
      }
    },
    {
      "testSession": "BreastPhantom_A3_FishingWeight_20260618_1611",
      "trial": {
        "meanErrIn": 0.3902250087713891,
        "medianErrIn": 0.30052306644934729,
        "pctWithinHalfIn": 69.362745098039213,
        "pctWithin1In": 98.0392156862745
      },
      "position": {
        "meanErrIn": 0.38970334766003573,
        "medianErrIn": 0.29441329561636409,
        "pctWithinHalfIn": 70.588235294117652,
        "pctWithin1In": 98.0392156862745,
        "medianSpreadIn": 0.018618821759851932
      },
      "stratified": {
        "nearInsert": {
          "n": 0
        },
        "exterior": {
          "meanErrIn": 0.38970334766003573,
          "medianErrIn": 0.29441329561636409,
          "pctWithinHalfIn": 70.588235294117652,
          "pctWithin1In": 98.0392156862745,
          "medianSpreadIn": 0.018618821759851932,
          "n": 51
        }
      },
      "baselineCentroid": {
        "meanErrIn": 1.3904503658861882,
        "medianErrIn": 1.3417410805586698,
        "pctWithinHalfIn": 7.8431372549019605,
        "pctWithin1In": 23.52941176470588
      }
    }
  ],
  "losoTrialMeanErr": [
    0.4287226415497476,
    0.044946301212144921
  ],
  "losoTrialMedianErr": [
    0.37371742047836504,
    0.064492045507667461
  ],
  "losoPosMeanErr": [
    0.42815562552771164,
    0.044408736332880137
  ],
  "losoPosMedianErr": [
    0.37511893765228371,
    0.070197455304958883
  ],
  "losoPosPctHalfIn": [
    64.705882352941174,
    5.882352941176471
  ],
  "losoPosPct1In": [
    96.078431372549019,
    3.3961780540566182
  ],
  "losoPosMedianSpread": [
    0.019000011717852833,
    0.00050544574049857867
  ],
  "losoNearInsertMedianErr": [
    null,
    null
  ],
  "losoNearInsertPctHalfIn": [
    null,
    null
  ],
  "losoNearInsertMedianSpread": [
    null,
    null
  ],
  "losoExteriorMedianErr": [
    0.37511893765228371,
    0.070197455304958883
  ],
  "losoExteriorPctHalfIn": [
    64.705882352941174,
    5.882352941176471
  ],
  "losoExteriorMedianSpread": [
    0.019000011717852833,
    0.00050544574049857867
  ],
  "losoCentroidMedianErr": [
    1.3417410805586698,
    0
  ],
  "perPosition": [
    {
      "label": "R1C3P3",
      "x": 2.875,
      "y": 0.875,
      "medianErrIn": 0.410580353376154,
      "spreadIn": 0.023036034843738545,
      "nearInsert": false
    },
    {
      "label": "R1C3P4",
      "x": 2.125,
      "y": 0.875,
      "medianErrIn": 0.2773751769253156,
      "spreadIn": 0.021796607194168371,
      "nearInsert": false
    },
    {
      "label": "R1C4P3",
      "x": 3.875,
      "y": 0.875,
      "medianErrIn": 0.48738977277399309,
      "spreadIn": 0.025412655501166195,
      "nearInsert": false
    },
    {
      "label": "R1C4P4",
      "x": 3.125,
      "y": 0.875,
      "medianErrIn": 0.61417535521802857,
      "spreadIn": 0.021871820565553785,
      "nearInsert": false
    },
    {
      "label": "R2C2P2",
      "x": 1.875,
      "y": 1.125,
      "medianErrIn": 0.5695129557235612,
      "spreadIn": 0.028151176449674836,
      "nearInsert": false
    },
    {
      "label": "R2C2P3",
      "x": 1.875,
      "y": 1.875,
      "medianErrIn": 0.38904198414641344,
      "spreadIn": 0.011275180263316165,
      "nearInsert": false
    },
    {
      "label": "R2C3P1",
      "x": 2.125,
      "y": 1.125,
      "medianErrIn": 0.26414552401826397,
      "spreadIn": 0.025756993994900845,
      "nearInsert": false
    },
    {
      "label": "R2C3P2",
      "x": 2.875,
      "y": 1.125,
      "medianErrIn": 0.3799085865058151,
      "spreadIn": 0.017843278648717445,
      "nearInsert": false
    },
    {
      "label": "R2C3P3",
      "x": 2.875,
      "y": 1.875,
      "medianErrIn": 0.35286072681531078,
      "spreadIn": 0.015578338481274148,
      "nearInsert": false
    },
    {
      "label": "R2C3P4",
      "x": 2.125,
      "y": 1.875,
      "medianErrIn": 0.32777026003939719,
      "spreadIn": 0.013851726653939403,
      "nearInsert": false
    },
    {
      "label": "R2C4P1",
      "x": 3.125,
      "y": 1.125,
      "medianErrIn": 0.30457720752010103,
      "spreadIn": 0.020011336531209255,
      "nearInsert": false
    },
    {
      "label": "R2C4P2",
      "x": 3.875,
      "y": 1.125,
      "medianErrIn": 0.64961208166272444,
      "spreadIn": 0.016425836348999738,
      "nearInsert": false
    },
    {
      "label": "R2C4P3",
      "x": 3.875,
      "y": 1.875,
      "medianErrIn": 0.75966468029400047,
      "spreadIn": 0.014110791676146655,
      "nearInsert": false
    },
    {
      "label": "R2C4P4",
      "x": 3.125,
      "y": 1.875,
      "medianErrIn": 0.28338730092739367,
      "spreadIn": 0.014357502209527098,
      "nearInsert": false
    },
    {
      "label": "R2C5P1",
      "x": 4.125,
      "y": 1.125,
      "medianErrIn": 0.73978013511203577,
      "spreadIn": 0.014296471389859627,
      "nearInsert": false
    },
    {
      "label": "R2C5P4",
      "x": 4.125,
      "y": 1.875,
      "medianErrIn": 0.72829144762839537,