{
  "method": "CNN-LOPO",
  "task": "regression_xy_inches",
  "lopoMode": "pooled",
  "lopoUnit": "cell",
  "setup": "A3_F4_SamMed",
  "sessionSet": "all4",
  "inputKind": "raw",
  "preproc": "v2_no_session_mean",
  "adjustKey": "A3_F4",
  "antennaMode": "all",
  "ports": [
    1,
    2,
    3,
    4
  ],
  "numSessions": 4,
  "sessionNames": [
    "BreastPhantom_A3_F4_FishingWeight_20260703_1623",
    "BreastPhantom_A3_F4_FishingWeight_20260703_1642",
    "BreastPhantom_A3_F4_FishingWeight_20260703_1707",
    "BreastPhantom_A3_F4_FishingWeight_20260703_1726"
  ],
  "numPositions": 39,
  "numUnits": 18,
  "numFolds": 18,
  "epochs": 40,
  "mixupAlpha": 0,
  "mixupRatio": 1,
  "posValFrac": 0,
  "headMode": "xy",
  "heatmapSigma": 0.6,
  "overall": {
    "n": 39,
    "medianErrIn": 0.48742381375661259,
    "meanErrIn": 0.64770071407087826,
    "pctWithinHalfIn": 51.282051282051277,
    "pctWithin1In": 82.051282051282044,
    "medianSpreadIn": 0.056655995150221253
  },
  "nearInsert": {
    "n": 16,
    "medianErrIn": 0.80067864908529485,
    "meanErrIn": 0.74764881554806484,
    "pctWithinHalfIn": 37.5,
    "pctWithin1In": 81.25,
    "medianSpreadIn": 0.058126761310404909
  },
  "exterior": {
    "n": 23,
    "medianErrIn": 0.40676814072015338,
    "meanErrIn": 0.5781715999997914,
    "pctWithinHalfIn": 60.869565217391312,
    "pctWithin1In": 82.6086956521739,
    "medianSpreadIn": 0.054568056995657886
  },
  "crossContextMedianErr": [
    0.48742381375661259,
    0
  ],
  "crossContextPctHalfIn": [
    51.282051282051277,
    0
  ],
  "perSession": {
    "sess": "(pooled)",
    "medianErrIn": 0.48742381375661259,
    "pctWithinHalfIn": 51.282051282051277,
    "medianSpreadIn": 0.056655995150221253,
    "n": 39
  },
  "perPosition": [
    {
      "label": "R1C3P2",
      "x": 2.695,
      "y": 0.138,
      "predX": 2.8528316020965576,
      "predY": 1.0393649339675903,
      "medianErrIn": 0.91507899047391783,
      "spreadIn": 0.066267479430613035,
      "nearInsert": true
    },
    {
      "label": "R1C3P3",
      "x": 2.656,
      "y": 0.851,
      "predX": 2.6811220645904541,
      "predY": 0.96548041701316833,
      "medianErrIn": 0.11720445387781075,
      "spreadIn": 0.044973746922835983,
      "nearInsert": true
    },
    {
      "label": "R1C3P4",
      "x": 2.125,
      "y": 0.875,
      "predX": 2.3992186784744263,
      "predY": 1.0758291482925415,
      "medianErrIn": 0.33989444012541364,
      "spreadIn": 0.044176118579834056,
      "nearInsert": false
    },
    {
      "label": "R1C4P1",
      "x": 3.31,
      "y": 0.171,
      "predX": 2.6461237668991089,
      "predY": 1.5717333555221558,
      "medianErrIn": 1.5500921218265018,
      "spreadIn": 0.082136445157324781,
      "nearInsert": true
    },
    {
      "label": "R1C4P3",
      "x": 3.875,
      "y": 0.875,
      "predX": 3.30439555644989,
      "predY": 0.99034780263900757,
      "medianErrIn": 0.58214649923604112,
      "spreadIn": 0.061381155679403207,
      "nearInsert": false
    },
    {
      "label": "R1C4P4",
      "x": 3.315,
      "y": 0.875,
      "predX": 3.2424542903900146,
      "predY": 1.2765408754348755,
      "medianErrIn": 0.40804160894181185,
      "spreadIn": 0.055471714933406795,
      "nearInsert": true
    },
    {
      "label": "R2C2P2",
      "x": 1.875,
      "y": 1.125,
      "predX": 1.8427591323852539,
      "predY": 0.84458863735198975,
      "medianErrIn": 0.28225875689987989,
      "spreadIn": 0.020137329398273059,
      "nearInsert": false
    },
    {
      "label": "R2C3P1",
      "x": 2.125,
      "y": 1.125,
      "predX": 1.9863960742950439,
      "predY": 1.0439767837524414,
      "medianErrIn": 0.16054846555455962,
      "spreadIn": 0.022209353614986362,
      "nearInsert": false
    },
    {
      "label": "R2C3P2",
      "x": 2.66,
      "y": 1.148,
      "predX": 2.3020678758621216,
      "predY": 0.83153125643730164,
      "medianErrIn": 0.47777387030059165,
      "spreadIn": 0.026769696218943168,
      "nearInsert": true
    },
    {
      "label": "R2C3P3",
      "x": 2.666,
      "y": 1.76,
      "predX": 2.3532869815826416,
      "predY": 0.94898059964179993,
      "medianErrIn": 0.86921913212093393,
      "spreadIn": 0.059597527470588559,
      "nearInsert": true
    },
    {
      "label": "R2C4P1",
      "x": 3.319,
      "y": 1.154,
      "predX": 2.62143075466156,
      "predY": 0.9316861629486084,
      "medianErrIn": 0.73213816604965565,
      "spreadIn": 0.056655995150221253,
      "nearInsert": true
    },
    {
      "label": "R2C4P2",
      "x": 3.875,
      "y": 1.125,
      "predX": 3.4708931446075439,
      "predY": 1.0785460472106934,
      "medianErrIn": 0.40676814072015338,
      "spreadIn": 0.05884167677231554,
      "nearInsert": false
    },
    {
      "label": "R2C4P3",
      "x": 3.875,
      "y": 1.875,
      "predX": 3.6056754589080811,
      "predY": 1.7580852508544922,
      "medianErrIn": 0.29360648324267252,
      "spreadIn": 0.031127213245164483,
      "nearInsert": false
    },
    {
      "label": "R2C4P4",
      "x": 3.306,
      "y": 1.84,
      "predX": 2.7116503715515137,
      "predY": 1.1575547456741333,
      "medianErrIn": 0.90497679859140634,
      "spreadIn": 0.0528801074842984,
      "nearInsert": true
    },
    {
      "label": "R2C5P1",
      "x": 4.125,
      "y": 1.125,
      "predX": 3.388690710067749,
      "predY": 1.0819517374038696,
      "medianErrIn": 0.73756662299285281,
      "spreadIn": 0.033994336231207192,
      "nearInsert": false
    },
    {
      "label": "R2C5P4",
      "x": 4.125,
      "y": 1.875,
      "predX": 3.765571117401123,
      "predY": 1.7796393036842346,
      "medianErrIn": 0.37186393216888475,
      "spreadIn": 0.059040194069029453,
      "nearInsert": false
    },
    {
      "label": "R3C3P1",
      "x": 2.125,
      "y": 2.125,
      "predX": 2.6872365474700928,
      "predY": 3.39214825630188,
      "medianErrIn": 1.3862808657555599,
      "spreadIn": 0.09675457299473357,
      "nearInsert": false
    },
    {
      "label": "R3C3P2",
      "x": 2.804,
      "y": 2.255,
      "predX": 2.7424564361572266,
      "predY": 3.4255796670913696,
      "medianErrIn": 1.1721963859602245,
      "spreadIn": 0.11149562654009919,
      "nearInsert": true
    },
    {
      "label": "R3C3P3",
      "x": 2.875,
      "y": 2.875,
      "predX": 2.7629446983337402,
      "predY": 3.1438455581665039,
      "medianErrIn": 0.29126332549323047,
      "spreadIn": 0.13303672479012796,
      "nearInsert": false
    },
    {
      "label": "R3C3P4",
      "x": 2.125,
      "y": 2.875,
      "predX": 2.7612209320068359,
      "predY": 3.494195818901062,
      "medianErrIn": 0.887795323522378,
      "spreadIn": 0.11534342415581332,
      "nearInsert": false
    },
    {
      "label": "R3C4P2",
      "x": 3.875,
      "y": 2.125,
      "predX": 3.7804906368255615,
      "predY": 1.9104900360107422,
      "medianErrIn": 0.23440679251743238,
      "spreadIn": 0.022570138412067689,
      "nearInsert": false
    },
    {
      "label": "R3C4P3",
      "x": 3.846,
      "y": 2.668,
      "predX": 4.0830957889556885,
      "predY": 2.5852260589599609,
      "medianErrIn": 0.25112932615650491,
      "spreadIn": 0.036210202039658496,
      "nearInsert": true
    },
    {
      "label": "R3C5P1",
      "x": 4.125,
      "y": 2.125,
      "predX": 3.8926036357879639,
      "predY": 2.1826159954071045,
      "medianErrIn": 0.23943197995615548,
      "spreadIn": 0.047107899730110155,
      "nearInsert": false
    },
    {
      "label": "R3C5P4",
      "x": 4.15,
      "y": 2.666,
      "predX": 3.7286591529846191,
      "predY": 2.735407829284668,
      "medianErrIn": 0.42701938612860246,
      "spreadIn": 0.036671139395238944,
      "nearInsert": true
    },
    {
      "label": "R4C2P3",
      "x": 1.875,
      "y": 3.875,
      "predX": 1.8186922669410706,
      "predY": 3.6782020330429077,
      "medianErrIn": 0.20469489637184518,
      "spreadIn": 0.054568056995657886,