{
  "method": "CNN-REG",
  "task": "regression_xy_inches",
  "setup": "A3_F4_SamMed",
  "sessionSet": "all4",
  "inputKind": "raw",
  "freqGrid": "native791",
  "preproc": "v2_no_session_mean",
  "adjustKey": "A3_F4",
  "antennaMode": "refl",
  "ports": 1,
  "sparams": [
    "S11"
  ],
  "numRows": 2,
  "numSessions": 4,
  "sessionNames": [
    "BreastPhantom_A3_F4_FishingWeight_20260703_1623",
    "BreastPhantom_A3_F4_FishingWeight_20260703_1642",
    "BreastPhantom_A3_F4_FishingWeight_20260703_1707",
    "BreastPhantom_A3_F4_FishingWeight_20260703_1726"
  ],
  "numPositions": 39,
  "numAdjustedTargets": 16,
  "folds": [
    {
      "testSession": "BreastPhantom_A3_F4_FishingWeight_20260703_1623",
      "trial": {
        "meanErrIn": 0.33335017416090779,
        "medianErrIn": 0.28165075171412729,
        "pctWithinHalfIn": 80.128205128205138,
        "pctWithin1In": 98.878205128205138
      },
      "position": {
        "meanErrIn": 0.30420395300128716,
        "medianErrIn": 0.2499906712593262,
        "pctWithinHalfIn": 82.051282051282044,
        "pctWithin1In": 100,
        "medianSpreadIn": 0.1300246846699768
      },
      "stratified": {
        "nearInsert": {
          "meanErrIn": 0.26735413311332218,
          "medianErrIn": 0.2319623207327775,
          "pctWithinHalfIn": 87.5,
          "pctWithin1In": 100,
          "medianSpreadIn": 0.12812881193931619,
          "n": 16
        },
        "exterior": {
          "meanErrIn": 0.32983861031465406,
          "medianErrIn": 0.25356715621185189,
          "pctWithinHalfIn": 78.260869565217391,
          "pctWithin1In": 100,
          "medianSpreadIn": 0.1300246846699768,
          "n": 23
        }
      },
      "baselineCentroid": {
        "meanErrIn": 1.6026601891683558,
        "medianErrIn": 1.7335226813966131,
        "pctWithinHalfIn": 7.6923076923076925,
        "pctWithin1In": 23.076923076923077
      }
    },
    {
      "testSession": "BreastPhantom_A3_F4_FishingWeight_20260703_1642",
      "trial": {
        "meanErrIn": 0.31197778918016678,
        "medianErrIn": 0.24814341142210219,
        "pctWithinHalfIn": 82.8525641025641,
        "pctWithin1In": 99.358974358974365
      },
      "position": {
        "meanErrIn": 0.25945899628894215,
        "medianErrIn": 0.20094226356934303,
        "pctWithinHalfIn": 87.179487179487182,
        "pctWithin1In": 100,
        "medianSpreadIn": 0.14081532382215387
      },
      "stratified": {
        "nearInsert": {
          "meanErrIn": 0.23187258285107082,
          "medianErrIn": 0.20118825034816559,
          "pctWithinHalfIn": 93.75,
          "pctWithin1In": 100,
          "medianSpreadIn": 0.13852872294388946,
          "n": 16
        },
        "exterior": {
          "meanErrIn": 0.2786495447674614,
          "medianErrIn": 0.20094226356934303,
          "pctWithinHalfIn": 82.6086956521739,
          "pctWithin1In": 100,
          "medianSpreadIn": 0.15551384168753452,
          "n": 23
        }
      },
      "baselineCentroid": {
        "meanErrIn": 1.6026601891683558,
        "medianErrIn": 1.7335226813966131,
        "pctWithinHalfIn": 7.6923076923076925,
        "pctWithin1In": 23.076923076923077
      }
    },
    {
      "testSession": "BreastPhantom_A3_F4_FishingWeight_20260703_1707",
      "trial": {
        "meanErrIn": 0.66741291519904489,
        "medianErrIn": 0.64198105590703824,
        "pctWithinHalfIn": 30.76923076923077,
        "pctWithin1In": 79.326923076923066
      },
      "position": {
        "meanErrIn": 0.65349631273055075,
        "medianErrIn": 0.64439958745688075,
        "pctWithinHalfIn": 28.205128205128204,
        "pctWithin1In": 82.051282051282044,
        "medianSpreadIn": 0.10439661442193249
      },
      "stratified": {
        "nearInsert": {
          "meanErrIn": 0.78681146259563572,
          "medianErrIn": 0.71029859466050427,
          "pctWithinHalfIn": 6.25,
          "pctWithin1In": 75,
          "medianSpreadIn": 0.11305523948323137,
          "n": 16
        },
        "exterior": {
          "meanErrIn": 0.56075533891136142,
          "medianErrIn": 0.55167424263609521,
          "pctWithinHalfIn": 43.478260869565219,
          "pctWithin1In": 86.956521739130437,
          "medianSpreadIn": 0.088313273890924485,
          "n": 23
        }
      },
      "baselineCentroid": {
        "meanErrIn": 1.6026601891683558,
        "medianErrIn": 1.7335226813966131,
        "pctWithinHalfIn": 7.6923076923076925,
        "pctWithin1In": 23.076923076923077
      }
    },
    {
      "testSession": "BreastPhantom_A3_F4_FishingWeight_20260703_1726",
      "trial": {
        "meanErrIn": 0.34104215207156613,
        "medianErrIn": 0.2476890722473844,
        "pctWithinHalfIn": 81.089743589743591,
        "pctWithin1In": 93.589743589743591
      },
      "position": {
        "meanErrIn": 0.30711615642598128,
        "medianErrIn": 0.19450212071399497,
        "pctWithinHalfIn": 82.051282051282044,
        "pctWithin1In": 92.3076923076923,
        "medianSpreadIn": 0.14052284154254011
      },
      "stratified": {
        "nearInsert": {
          "meanErrIn": 0.33741532139056352,
          "medianErrIn": 0.22148426895284148,
          "pctWithinHalfIn": 75,
          "pctWithin1In": 93.75,
          "medianSpreadIn": 0.14175444464276782,
          "n": 16
        },
        "exterior": {
          "meanErrIn": 0.28603847645061942,
          "medianErrIn": 0.19063786905300906,
          "pctWithinHalfIn": 86.956521739130437,
          "pctWithin1In": 91.304347826086953,
          "medianSpreadIn": 0.13529393341623,
          "n": 23
        }
      },
      "baselineCentroid": {
        "meanErrIn": 1.6026601891683558,
        "medianErrIn": 1.7335226813966131,
        "pctWithinHalfIn": 7.6923076923076925,
        "pctWithin1In": 23.076923076923077
      }
    }
  ],
  "losoTrialMeanErr": [
    0.41344575765292141,
    0.169757327121347
  ],
  "losoTrialMedianErr": [
    0.354866072822663,
    0.19206954700949611
  ],
  "losoPosMeanErr": [
    0.38106885461169032,
    0.1829233830933103
  ],
  "losoPosMedianErr": [
    0.32245866074988622,
    0.2160529878767849
  ],
  "losoPosPctHalfIn": [
    69.871794871794862,
    27.882773296066084
  ],
  "losoPosPct1In": [
    93.589743589743591,
    8.5041661291164132
  ],
  "losoPosMedianSpread": [
    0.12893986611415081,
    0.017114709564931579
  ],
  "losoNearInsertMedianErr": [
    0.34123335867357224,
    0.24637490740845
  ],
  "losoNearInsertPctHalfIn": [
    65.625,
    40.343576522993928
  ],
  "losoNearInsertMedianSpread": [
    0.13036680475230122,
    0.012922772596433053
  ],
  "losoExteriorMedianErr": [
    0.29920538286757481,
    0.17055391968054209
  ],
  "losoExteriorPctHalfIn": [
    72.826086956521749,
    19.884670629003249
  ],
  "losoExteriorMedianSpread": [
    0.12728643341616644,
    0.028209406334758082
  ],
  "losoCentroidMedianErr": [
    1.7335226813966131,
    0
  ],
  "perPosition": [
    {
      "label": "R1C3P2",
      "x": 2.695,
      "y": 0.138,
      "predX": 2.4854520261287689,
      "predY": 0.51574264094233513,
      "medianErrIn": 0.44556313965267424,
      "spreadIn": 0.22961027870303674,
      "nearInsert": true
    },
    {
      "label": "R1C3P3",
      "x": 2.656,
      "y": 0.851,
      "predX": 2.5691736936569214,
      "predY": 1.0925595387816429,
      "medianErrIn": 0.26547565373684473,
      "spreadIn": 0.19175649732795885,
      "nearInsert": true
    },
    {
      "label": "R1C3P4",
      "x": 2.125,
      "y": 0.875,
      "predX": 2.1207586079835892,
      "predY": 1.0318446904420853,
      "medianErrIn": 0.18720060206708308,
      "spreadIn": 0.11566033489244029,
      "nearInsert": false
    },
    {
      "label": "R1C4P1",
      "x": 3.31,
      "y": 0.171,
      "predX": 2.8516933023929596,
      "predY": 0.82468550652265549,
      "medianErrIn": 0.80624862857329482,
      "spreadIn": 0.20460534194914004,
      "nearInsert": true
    },
    {
      "label": "R1C4P3",