{
  "method": "CNN-REG",
  "task": "regression_xy_inches",
  "setup": "A3_F4_SamMed",
  "sessionSet": "all4",
  "inputKind": "raw",
  "freqGrid": "native791",
  "preproc": "v2_no_session_mean",
  "adjustKey": "A3_F4",
  "antennaMode": "all",
  "ports": [
    1,
    2,
    3,
    4
  ],
  "sparams": [
    "S11",
    "S12",
    "S13",
    "S14",
    "S21",
    "S22",
    "S23",
    "S24",
    "S31",
    "S32",
    "S33",
    "S34",
    "S41",
    "S42",
    "S43",
    "S44"
  ],
  "numRows": 32,
  "numSessions": 4,
  "sessionNames": [
    "BreastPhantom_A3_F4_FishingWeight_20260703_1623",
    "BreastPhantom_A3_F4_FishingWeight_20260703_1642",
    "BreastPhantom_A3_F4_FishingWeight_20260703_1707",
    "BreastPhantom_A3_F4_FishingWeight_20260703_1726"
  ],
  "numPositions": 39,
  "numAdjustedTargets": 16,
  "folds": [
    {
      "testSession": "BreastPhantom_A3_F4_FishingWeight_20260703_1623",
      "trial": {
        "meanErrIn": 0.17076466711311958,
        "medianErrIn": 0.16184062994027432,
        "pctWithinHalfIn": 100,
        "pctWithin1In": 100
      },
      "position": {
        "meanErrIn": 0.16793525141298374,
        "medianErrIn": 0.15472880597972738,
        "pctWithinHalfIn": 100,
        "pctWithin1In": 100,
        "medianSpreadIn": 0.0196062127290675
      },
      "stratified": {
        "nearInsert": {
          "meanErrIn": 0.14358766393253919,
          "medianErrIn": 0.12948200907624349,
          "pctWithinHalfIn": 100,
          "pctWithin1In": 100,
          "medianSpreadIn": 0.019707277598105817,
          "n": 16
        },
        "exterior": {
          "meanErrIn": 0.18487270357329302,
          "medianErrIn": 0.19537178207896636,
          "pctWithinHalfIn": 100,
          "pctWithin1In": 100,
          "medianSpreadIn": 0.0196062127290675,
          "n": 23
        }
      },
      "baselineCentroid": {
        "meanErrIn": 1.6026601891683558,
        "medianErrIn": 1.7335226813966131,
        "pctWithinHalfIn": 7.6923076923076925,
        "pctWithin1In": 23.076923076923077
      }
    },
    {
      "testSession": "BreastPhantom_A3_F4_FishingWeight_20260703_1642",
      "trial": {
        "meanErrIn": 0.21406732091639363,
        "medianErrIn": 0.16378825940340577,
        "pctWithinHalfIn": 94.391025641025635,
        "pctWithin1In": 97.435897435897431
      },
      "position": {
        "meanErrIn": 0.21080049885174981,
        "medianErrIn": 0.1635204014346183,
        "pctWithinHalfIn": 94.871794871794862,
        "pctWithin1In": 97.435897435897431,
        "medianSpreadIn": 0.023356797326917367
      },
      "stratified": {
        "nearInsert": {
          "meanErrIn": 0.14344461269440562,
          "medianErrIn": 0.12306941156879274,
          "pctWithinHalfIn": 100,
          "pctWithin1In": 100,
          "medianSpreadIn": 0.02393735957450116,
          "n": 16
        },
        "exterior": {
          "meanErrIn": 0.25765676748294569,
          "medianErrIn": 0.20334989006742013,
          "pctWithinHalfIn": 91.304347826086953,
          "pctWithin1In": 95.652173913043484,
          "medianSpreadIn": 0.023350444489299359,
          "n": 23
        }
      },
      "baselineCentroid": {
        "meanErrIn": 1.6026601891683558,
        "medianErrIn": 1.7335226813966131,
        "pctWithinHalfIn": 7.6923076923076925,
        "pctWithin1In": 23.076923076923077
      }
    },
    {
      "testSession": "BreastPhantom_A3_F4_FishingWeight_20260703_1707",
      "trial": {
        "meanErrIn": 0.25674370926805878,
        "medianErrIn": 0.20670275365157126,
        "pctWithinHalfIn": 90.7051282051282,
        "pctWithin1In": 100
      },
      "position": {
        "meanErrIn": 0.25667783934069677,
        "medianErrIn": 0.20825072409531609,
        "pctWithinHalfIn": 89.743589743589752,
        "pctWithin1In": 100,
        "medianSpreadIn": 0.019084745407483381
      },
      "stratified": {
        "nearInsert": {
          "meanErrIn": 0.24943382761413821,
          "medianErrIn": 0.22564752071216532,
          "pctWithinHalfIn": 93.75,
          "pctWithin1In": 100,
          "medianSpreadIn": 0.01858396139653002,
          "n": 16
        },
        "exterior": {
          "meanErrIn": 0.2617171518461287,
          "medianErrIn": 0.20617686214558748,
          "pctWithinHalfIn": 86.956521739130437,
          "pctWithin1In": 100,
          "medianSpreadIn": 0.019084745407483381,
          "n": 23
        }
      },
      "baselineCentroid": {
        "meanErrIn": 1.6026601891683558,
        "medianErrIn": 1.7335226813966131,
        "pctWithinHalfIn": 7.6923076923076925,
        "pctWithin1In": 23.076923076923077
      }
    },
    {
      "testSession": "BreastPhantom_A3_F4_FishingWeight_20260703_1726",
      "trial": {
        "meanErrIn": 0.17920999544805558,
        "medianErrIn": 0.13899452687012587,
        "pctWithinHalfIn": 97.115384615384613,
        "pctWithin1In": 100
      },
      "position": {
        "meanErrIn": 0.17774944083354585,
        "medianErrIn": 0.13115324774114873,
        "pctWithinHalfIn": 97.435897435897431,
        "pctWithin1In": 100,
        "medianSpreadIn": 0.022487177906063777
      },
      "stratified": {
        "nearInsert": {
          "meanErrIn": 0.13622060720235923,
          "medianErrIn": 0.10614656276292501,
          "pctWithinHalfIn": 100,
          "pctWithin1In": 100,
          "medianSpreadIn": 0.019185160574031936,
          "n": 16
        },
        "exterior": {
          "meanErrIn": 0.20663906422915393,
          "medianErrIn": 0.16540651852161523,
          "pctWithinHalfIn": 95.652173913043484,
          "pctWithin1In": 100,
          "medianSpreadIn": 0.031572401241462544,
          "n": 23
        }
      },
      "baselineCentroid": {
        "meanErrIn": 1.6026601891683558,
        "medianErrIn": 1.7335226813966131,
        "pctWithinHalfIn": 7.6923076923076925,
        "pctWithin1In": 23.076923076923077
      }
    }
  ],
  "losoTrialMeanErr": [
    0.20519642318640691,
    0.039143563889058694
  ],
  "losoTrialMedianErr": [
    0.1678315424663443,
    0.028253517175301238
  ],
  "losoPosMeanErr": [
    0.20329075760974402,
    0.040037263436123134
  ],
  "losoPosMedianErr": [
    0.16441329481270262,
    0.032262142519526742
  ],
  "losoPosPctHalfIn": [
    95.512820512820525,
    4.3790387888716191
  ],
  "losoPosPct1In": [
    99.358974358974365,
    1.2820512820512846
  ],
  "losoPosMedianSpread": [
    0.021133733342383006,
    0.002105983257907403
  ],
  "losoNearInsertMedianErr": [
    0.14608637603003163,
    0.053946424292652735
  ],
  "losoNearInsertPctHalfIn": [
    98.4375,
    3.125
  ],
  "losoNearInsertMedianSpread": [
    0.020353439785792234,
    0.0024329636736151235
  ],
  "losoExteriorMedianErr": [
    0.1925762632033973,
    0.018682052699925556
  ],
  "losoExteriorPctHalfIn": [
    93.478260869565219,
    5.61301934232959
  ],
  "losoExteriorMedianSpread": [
    0.023403450966828197,
    0.0057678648336779523
  ],
  "losoCentroidMedianErr": [
    1.7335226813966131,
    0
  ],
  "perPosition": [
    {
      "label": "R1C3P2",
      "x": 2.695,
      "y": 0.138,
      "predX": 2.5959336459636688,
      "predY": 0.20850839465856552,
      "medianErrIn": 0.12623938280421323,
      "spreadIn": 0.023803400435863892,
      "nearInsert": true
    },
    {
      "label": "R1C3P3",
      "x": 2.656,
      "y": 0.851,
      "predX": 2.5990581512451172,
      "predY": 0.88473836332559586,
      "medianErrIn": 0.10228567240241201,
      "spreadIn": 0.017129016579418149,
      "nearInsert": true
    },
    {
      "label": "R1C3P4",
      "x": 2.125,
      "y": 0.875,
      "predX": 2.0853681266307831,
      "predY": 0.96030965447425842,
      "medianErrIn": 0.1008346912582109,
      "spreadIn": 0.013311308533108458,
      "nearInsert": false
    },
    {
      "label": "R1C4P1",
      "x": 3.31,
      "y": 0.171,
      "predX": 3.1986060738563538,
      "predY": 0.25405727699398994,
      "medianErrIn": 0.1608838098390408,