{
  "method": "CNN-LOPO",
  "task": "regression_xy_inches",
  "lopoMode": "pooled",
  "lopoUnit": "cell",
  "setup": "A3_F5_SamMed",
  "sessionSet": "last3",
  "inputKind": "raw",
  "preproc": "v2_no_session_mean",
  "adjustKey": "A3_F5",
  "antennaMode": "all",
  "ports": [
    1,
    2,
    3,
    4
  ],
  "numSessions": 3,
  "sessionNames": [
    "BreastPhantom_A3_F5_FishingWeight_20260703_1432",
    "BreastPhantom_A3_F5_FishingWeight_20260703_1454",
    "BreastPhantom_A3_F5_FishingWeight_20260703_1516"
  ],
  "numPositions": 33,
  "numUnits": 14,
  "numFolds": 14,
  "epochs": 40,
  "mixupAlpha": 0,
  "mixupRatio": 1,
  "posValFrac": 0,
  "headMode": "xy",
  "heatmapSigma": 0.6,
  "overall": {
    "n": 33,
    "medianErrIn": 0.66679902277692382,
    "meanErrIn": 0.88091768632236866,
    "pctWithinHalfIn": 36.363636363636367,
    "pctWithin1In": 66.666666666666657,
    "medianSpreadIn": 0.11778725990394134
  },
  "nearInsert": {
    "n": 9,
    "medianErrIn": 0.84447071091167414,
    "meanErrIn": 0.900492471409448,
    "pctWithinHalfIn": 33.333333333333329,
    "pctWithin1In": 55.555555555555557,
    "medianSpreadIn": 0.091030108596628037
  },
  "exterior": {
    "n": 24,
    "medianErrIn": 0.64998139786440334,
    "meanErrIn": 0.87357714191471414,
    "pctWithinHalfIn": 37.5,
    "pctWithin1In": 70.833333333333343,
    "medianSpreadIn": 0.11957147714453389
  },
  "crossContextMedianErr": [
    0.66679902277692382,
    0
  ],
  "crossContextPctHalfIn": [
    36.363636363636367,
    0
  ],
  "perSession": {
    "sess": "(pooled)",
    "medianErrIn": 0.66679902277692382,
    "pctWithinHalfIn": 36.363636363636367,
    "medianSpreadIn": 0.11778725990394134,
    "n": 33
  },
  "perPosition": [
    {
      "label": "R1C3P2",
      "x": 2.687,
      "y": 0.267,
      "predX": 2.8833358287811279,
      "predY": 0.629294753074646,
      "medianErrIn": 0.41207432068571215,
      "spreadIn": 0.18081611052060489,
      "nearInsert": true
    },
    {
      "label": "R1C3P3",
      "x": 2.712,
      "y": 0.85,
      "predX": 2.7789407968521118,
      "predY": 0.95015266537666321,
      "medianErrIn": 0.12046421321390663,
      "spreadIn": 0.11961559894423442,
      "nearInsert": true
    },
    {
      "label": "R1C3P4",
      "x": 2.125,
      "y": 0.875,
      "predX": 2.3508890867233276,
      "predY": 0.84930530190467834,
      "medianErrIn": 0.22734576532433753,
      "spreadIn": 0.16243828802570617,
      "nearInsert": false
    },
    {
      "label": "R1C4P1",
      "x": 3.338,
      "y": 0.267,
      "predX": 1.8663260936737061,
      "predY": 0.67639818787574768,
      "medianErrIn": 1.5275571880612653,
      "spreadIn": 0.086485078789131212,
      "nearInsert": true
    },
    {
      "label": "R1C4P3",
      "x": 3.875,
      "y": 0.875,
      "predX": 2.2017428874969482,
      "predY": 0.78063338994979858,
      "medianErrIn": 1.6759159948023699,
      "spreadIn": 0.066464580089842754,
      "nearInsert": false
    },
    {
      "label": "R1C4P4",
      "x": 3.328,
      "y": 0.832,
      "predX": 2.076052188873291,
      "predY": 0.7037976086139679,
      "medianErrIn": 1.2584948052900555,
      "spreadIn": 0.099839779736863157,
      "nearInsert": true
    },
    {
      "label": "R2C2P3",
      "x": 1.875,
      "y": 1.875,
      "predX": 1.7928012609481812,
      "predY": 1.6138659715652466,
      "medianErrIn": 0.27376561783443809,
      "spreadIn": 0.053641594025515688,
      "nearInsert": false
    },
    {
      "label": "R2C3P1",
      "x": 2.125,
      "y": 1.125,
      "predX": 1.8506591320037842,
      "predY": 1.184509813785553,
      "medianErrIn": 0.2807210889650229,
      "spreadIn": 0.037320708886338642,
      "nearInsert": false
    },
    {
      "label": "R2C3P2",
      "x": 2.698,
      "y": 1.137,
      "predX": 2.0814275741577148,
      "predY": 0.97327280044555664,
      "medianErrIn": 0.63794055536780281,
      "spreadIn": 0.049688216273054871,
      "nearInsert": true
    },
    {
      "label": "R2C3P3",
      "x": 2.574,
      "y": 1.639,
      "predX": 1.766614556312561,
      "predY": 1.3914933800697327,
      "medianErrIn": 0.84447071091167414,
      "spreadIn": 0.077201905733614032,
      "nearInsert": true
    },
    {
      "label": "R2C3P4",
      "x": 2.168,
      "y": 1.802,
      "predX": 1.91188246011734,
      "predY": 1.9209284782409668,
      "medianErrIn": 0.28238303272728349,
      "spreadIn": 0.055165418891539753,
      "nearInsert": true
    },
    {
      "label": "R2C5P4",
      "x": 4.125,
      "y": 1.875,
      "predX": 3.0718754529953003,
      "predY": 0.62694260478019714,
      "medianErrIn": 1.6330090548636567,
      "spreadIn": 0.03330950405940062,
      "nearInsert": false
    },
    {
      "label": "R3C2P2",
      "x": 1.875,
      "y": 2.125,
      "predX": 1.4994189143180847,
      "predY": 1.5069853067398071,
      "medianErrIn": 0.7231896798264591,
      "spreadIn": 0.066164389130133422,
      "nearInsert": false
    },
    {
      "label": "R3C3P2",
      "x": 2.875,
      "y": 2.125,
      "predX": 3.0609792470932007,
      "predY": 2.730233907699585,
      "medianErrIn": 0.63316377295188286,
      "spreadIn": 0.1325514274581536,
      "nearInsert": false
    },
    {
      "label": "R3C3P3",
      "x": 2.875,
      "y": 2.875,
      "predX": 3.10055410861969,
      "predY": 3.0050613880157471,
      "medianErrIn": 0.260366319956721,
      "spreadIn": 0.1282533251164435,
      "nearInsert": false
    },
    {
      "label": "R3C3P4",
      "x": 2.125,
      "y": 2.875,
      "predX": 2.9904123544692993,
      "predY": 3.0879814624786377,
      "medianErrIn": 0.89123489980343318,
      "spreadIn": 0.12074727170911725,
      "nearInsert": false
    },
    {
      "label": "R3C4P1",
      "x": 3.125,
      "y": 2.125,
      "predX": 2.7177472114562988,
      "predY": 2.8303685188293457,
      "medianErrIn": 0.81449345063795675,
      "spreadIn": 0.084179577613437681,
      "nearInsert": false
    },
    {
      "label": "R3C4P2",
      "x": 3.875,
      "y": 2.125,
      "predX": 2.8654345273971558,
      "predY": 2.79790997505188,
      "medianErrIn": 1.21327254893372,
      "spreadIn": 0.10253506365960884,
      "nearInsert": false
    },
    {
      "label": "R3C4P3",
      "x": 3.875,
      "y": 2.875,
      "predX": 2.7838820219039917,
      "predY": 2.9451072216033936,
      "medianErrIn": 1.0933679456821792,
      "spreadIn": 0.13929560305535163,
      "nearInsert": false
    },
    {
      "label": "R3C4P4",
      "x": 3.125,
      "y": 2.875,
      "predX": 2.6606864929199219,
      "predY": 2.9138097763061523,
      "medianErrIn": 0.4659326470574211,
      "spreadIn": 0.11778725990394134,
      "nearInsert": false
    },
    {
      "label": "R4C3P1",
      "x": 2.125,
      "y": 3.125,
      "predX": 2.7186079025268555,
      "predY": 3.0412009954452515,
      "medianErrIn": 0.59949363224866659,
      "spreadIn": 0.1210916914103017,
      "nearInsert": false
    },
    {
      "label": "R4C3P2",
      "x": 2.875,
      "y": 3.125,
      "predX": 3.0302666425704956,
      "predY": 2.9977213144302368,
      "medianErrIn": 0.200767512549916,
      "spreadIn": 0.13211697063038821,
      "nearInsert": false
    },
    {
      "label": "R4C3P3",
      "x": 2.875,
      "y": 3.875,
      "predX": 2.8168960809707642,
      "predY": 3.2107373476028442,
      "medianErrIn": 0.66679902277692382,
      "spreadIn": 0.14417373636356329,
      "nearInsert": false
    },
    {
      "label": "R4C4P1",
      "x": 3.125,
      "y": 3.125,
      "predX": 2.8523681163787842,
      "predY": 2.9673557281494141,
      "medianErrIn": 0.314928341713085,
      "spreadIn": 0.1557910478629409,
      "nearInsert": false
    },
    {
      "label": "R4C4P2",
      "x": 3.875,
      "y": 3.125,
      "predX": 3.05996310710907,
      "predY": 2.9767303466796875,
      "medianErrIn": 0.8284135602879924,
      "spreadIn": 0.13305119429379761,
      "nearInsert": false
    },
    {
      "label": "R4C4P3",