{
  "method": "MLP-REG",
  "task": "regression_xy_inches",
  "setup": "June18",
  "sessionSet": "remap",
  "inputKind": "raw",
  "freqGrid": "native791",
  "preproc": "v2_no_session_mean",
  "adjustKey": "A3_Empty",
  "ridge": false,
  "antennaMode": "refl",
  "ports": [
    1
  ],
  "numSessions": 3,
  "sessionNames": [
    "BreastPhantom_A3_FishingWeight_20260618_1530",
    "BreastPhantom_A3_FishingWeight_20260618_1547",
    "BreastPhantom_A3_FishingWeight_20260618_1611"
  ],
  "numPositions": 51,
  "numAdjustedTargets": 0,
  "folds": [
    {
      "testSession": "BreastPhantom_A3_FishingWeight_20260618_1530",
      "trial": {
        "meanErrIn": 0.7076502654276694,
        "medianErrIn": 0.682147866079095,
        "pctWithinHalfIn": 32.23039215686275,
        "pctWithin1In": 73.0392156862745
      },
      "position": {
        "meanErrIn": 0.693629306225439,
        "medianErrIn": 0.6899372673934322,
        "pctWithinHalfIn": 33.33333333333333,
        "pctWithin1In": 72.54901960784314,
        "medianSpreadIn": 0.11647772789001465
      },
      "stratified": {
        "nearInsert": {
          "n": 0
        },
        "exterior": {
          "n": 51,
          "meanErrIn": 0.693629306225439,
          "medianErrIn": 0.6899372673934322,
          "pctWithinHalfIn": 33.33333333333333,
          "pctWithin1In": 72.54901960784314,
          "medianSpreadIn": 0.11647772789001465
        }
      },
      "baselineCentroid": {
        "meanErrIn": 1.3904503658861889,
        "medianErrIn": 1.3417410805586698,
        "pctWithinHalfIn": 7.8431372549019605,
        "pctWithin1In": 23.52941176470588
      }
    },
    {
      "testSession": "BreastPhantom_A3_FishingWeight_20260618_1547",
      "trial": {
        "meanErrIn": 0.3401722169789781,
        "medianErrIn": 0.2875503811709529,
        "pctWithinHalfIn": 77.81862745098039,
        "pctWithin1In": 99.63235294117648
      },
      "position": {
        "meanErrIn": 0.30279801039711807,
        "medianErrIn": 0.22833804578826605,
        "pctWithinHalfIn": 78.43137254901961,
        "pctWithin1In": 100.0,
        "medianSpreadIn": 0.14614532887935638
      },
      "stratified": {
        "nearInsert": {
          "n": 0
        },
        "exterior": {
          "n": 51,
          "meanErrIn": 0.30279801039711807,
          "medianErrIn": 0.22833804578826605,
          "pctWithinHalfIn": 78.43137254901961,
          "pctWithin1In": 100.0,
          "medianSpreadIn": 0.14614532887935638
        }
      },
      "baselineCentroid": {
        "meanErrIn": 1.3904503658861889,
        "medianErrIn": 1.3417410805586698,
        "pctWithinHalfIn": 7.8431372549019605,
        "pctWithin1In": 23.52941176470588
      }
    },
    {
      "testSession": "BreastPhantom_A3_FishingWeight_20260618_1611",
      "trial": {
        "meanErrIn": 0.3387374812974701,
        "medianErrIn": 0.31682857220145877,
        "pctWithinHalfIn": 83.70098039215686,
        "pctWithin1In": 98.2843137254902
      },
      "position": {
        "meanErrIn": 0.3095183075185102,
        "medianErrIn": 0.31756629401306274,
        "pctWithinHalfIn": 90.19607843137256,
        "pctWithin1In": 98.0392156862745,
        "medianSpreadIn": 0.15932105481624603
      },
      "stratified": {
        "nearInsert": {
          "n": 0
        },
        "exterior": {
          "n": 51,
          "meanErrIn": 0.3095183075185102,
          "medianErrIn": 0.31756629401306274,
          "pctWithinHalfIn": 90.19607843137256,
          "pctWithin1In": 98.0392156862745,
          "medianSpreadIn": 0.15932105481624603
        }
      },
      "baselineCentroid": {
        "meanErrIn": 1.3904503658861889,
        "medianErrIn": 1.3417410805586698,
        "pctWithinHalfIn": 7.8431372549019605,
        "pctWithin1In": 23.52941176470588
      }
    }
  ],
  "losoTrialMeanErr": [
    0.46218665456803926,
    0.1735699720742904
  ],
  "losoTrialMedianErr": [
    0.4288422731505022,
    0.17951247992676198
  ],
  "losoPosMeanErr": [
    0.4353152080470224,
    0.18267625386029496
  ],
  "losoPosMedianErr": [
    0.4119472023982537,
    0.199915444204684
  ],
  "losoPosPctHalfIn": [
    67.3202614379085,
    24.507625175493697
  ],
  "losoPosPct1In": [
    90.19607843137256,
    12.504004228567968
  ],
  "losoPosMedianSpread": [
    0.1406480371952057,
    0.017917455686610195
  ],
  "losoNearInsertMedianErr": null,
  "losoNearInsertPctHalfIn": null,
  "losoNearInsertMedianSpread": null,
  "losoExteriorMedianErr": [
    0.4119472023982537,
    0.199915444204684
  ],
  "losoExteriorPctHalfIn": [
    67.3202614379085,
    24.507625175493697
  ],
  "losoExteriorMedianSpread": [
    0.1406480371952057,
    0.017917455686610195
  ],
  "losoCentroidMedianErr": [
    1.3417410805586698,
    0.0
  ],
  "perPosition": [
    {
      "label": "R1C3P3",
      "pos": 10,
      "x": 2.875,
      "y": 0.875,
      "medianErrIn": 0.7061579442959491,
      "spreadIn": 0.2101065864165624,
      "nearInsert": false
    },
    {
      "label": "R1C3P4",
      "pos": 11,
      "x": 2.125,
      "y": 0.875,
      "medianErrIn": 0.4606804004317558,
      "spreadIn": 0.10902648170789082,
      "nearInsert": false
    },
    {
      "label": "R1C4P3",
      "pos": 14,
      "x": 3.875,
      "y": 0.875,
      "medianErrIn": 0.8335864237284293,
      "spreadIn": 0.17392157514890036,
      "nearInsert": false
    },
    {
      "label": "R1C4P4",
      "pos": 15,
      "x": 3.125,
      "y": 0.875,
      "medianErrIn": 0.6754234240670804,
      "spreadIn": 0.1521569788455963,
      "nearInsert": false
    },
    {
      "label": "R2C2P2",
      "pos": 29,
      "x": 1.875,
      "y": 1.125,
      "medianErrIn": 0.3021061114018038,
      "spreadIn": 0.07270247985919316,
      "nearInsert": false
    },
    {
      "label": "R2C2P3",
      "pos": 30,
      "x": 1.875,
      "y": 1.875,
      "medianErrIn": 0.45641982088578165,
      "spreadIn": 0.055333456645409264,
      "nearInsert": false
    },
    {
      "label": "R2C3P1",
      "pos": 32,
      "x": 2.125,
      "y": 1.125,
      "medianErrIn": 0.31543366570652703,
      "spreadIn": 0.0743686743080616,
      "nearInsert": false
    },
    {
      "label": "R2C3P2",
      "pos": 33,
      "x": 2.875,
      "y": 1.125,
      "medianErrIn": 0.6499223225147982,
      "spreadIn": 0.1332152783870697,
      "nearInsert": false
    },
    {
      "label": "R2C3P3",
      "pos": 34,
      "x": 2.875,
      "y": 1.875,
      "medianErrIn": 0.7197543350084237,
      "spreadIn": 0.14503835141658783,
      "nearInsert": false
    },
    {
      "label": "R2C3P4",
      "pos": 35,
      "x": 2.125,
      "y": 1.875,
      "medianErrIn": 0.26066420411953034,
      "spreadIn": 0.09017794827620189,
      "nearInsert": false
    },
    {
      "label": "R2C4P1",
      "pos": 36,
      "x": 3.125,
      "y": 1.125,
      "medianErrIn": 0.4322743370671738,
      "spreadIn": 0.14183448006709418,
      "nearInsert": false
    },
    {
      "label": "R2C4P2",
      "pos": 37,
      "x": 3.875,
      "y": 1.125,
      "medianErrIn": 0.4645334920508588,
      "spreadIn": 0.18528381486733755,
      "nearInsert": false
    },
    {
      "label": "R2C4P3",
      "pos": 38,
      "x": 3.875,
      "y": 1.875,
      "medianErrIn": 0.5603795915644983,
      "spreadIn": 0.13389564802249274,
      "nearInsert": false
    },
    {
      "label": "R2C4P4",
      "pos": 39,
      "x": 3.125,
      "y": 1.875,
      "medianErrIn": 0.5418530023529894,
      "spreadIn": 0.16392000019550323,
      "nearInsert": false
    },
    {
      "label": "R2C5P1",
      "pos": 40,
      "x": 4.125,
      "y": 1.125,
      "medianErrIn": 0.7317599755678993,
      "spreadIn": 0.19013632337252298,
      "nearInsert": false
    },
    {
      "label": "R2C5P4",
      "pos": 43,
      "x": 4.125,
      "y": 1.875,
      "medianErrIn": 0.22575728680168913,
      "spreadIn": 0.15522675216197968,
      "nearInsert": false
    },
    {
      "label": "R3C2P2",
      "pos": 53,