{
  "method": "MLP-REG",
  "task": "regression_xy_inches",
  "setup": "June18",
  "sessionSet": "remap",
  "inputKind": "raw",
  "freqGrid": "native791",
  "preproc": "v2_no_session_mean",
  "adjustKey": "A3_Empty",
  "ridge": false,
  "antennaMode": "refl",
  "ports": [
    1,
    3
  ],
  "numSessions": 3,
  "sessionNames": [
    "BreastPhantom_A3_FishingWeight_20260618_1530",
    "BreastPhantom_A3_FishingWeight_20260618_1547",
    "BreastPhantom_A3_FishingWeight_20260618_1611"
  ],
  "numPositions": 51,
  "numAdjustedTargets": 0,
  "folds": [
    {
      "testSession": "BreastPhantom_A3_FishingWeight_20260618_1530",
      "trial": {
        "meanErrIn": 0.8021116783941656,
        "medianErrIn": 0.7751871569810225,
        "pctWithinHalfIn": 24.142156862745097,
        "pctWithin1In": 72.42647058823529
      },
      "position": {
        "meanErrIn": 0.7888496864364782,
        "medianErrIn": 0.7378157453545017,
        "pctWithinHalfIn": 23.52941176470588,
        "pctWithin1In": 74.50980392156863,
        "medianSpreadIn": 0.127241849899292
      },
      "stratified": {
        "nearInsert": {
          "n": 0
        },
        "exterior": {
          "n": 51,
          "meanErrIn": 0.7888496864364782,
          "medianErrIn": 0.7378157453545017,
          "pctWithinHalfIn": 23.52941176470588,
          "pctWithin1In": 74.50980392156863,
          "medianSpreadIn": 0.127241849899292
        }
      },
      "baselineCentroid": {
        "meanErrIn": 1.3904503658861889,
        "medianErrIn": 1.3417410805586698,
        "pctWithinHalfIn": 7.8431372549019605,
        "pctWithin1In": 23.52941176470588
      }
    },
    {
      "testSession": "BreastPhantom_A3_FishingWeight_20260618_1547",
      "trial": {
        "meanErrIn": 0.4029769241135902,
        "medianErrIn": 0.37570000103041057,
        "pctWithinHalfIn": 69.48529411764706,
        "pctWithin1In": 99.1421568627451
      },
      "position": {
        "meanErrIn": 0.3728756729394176,
        "medianErrIn": 0.36015280041764386,
        "pctWithinHalfIn": 76.47058823529412,
        "pctWithin1In": 100.0,
        "medianSpreadIn": 0.1513136327266693
      },
      "stratified": {
        "nearInsert": {
          "n": 0
        },
        "exterior": {
          "n": 51,
          "meanErrIn": 0.3728756729394176,
          "medianErrIn": 0.36015280041764386,
          "pctWithinHalfIn": 76.47058823529412,
          "pctWithin1In": 100.0,
          "medianSpreadIn": 0.1513136327266693
        }
      },
      "baselineCentroid": {
        "meanErrIn": 1.3904503658861889,
        "medianErrIn": 1.3417410805586698,
        "pctWithinHalfIn": 7.8431372549019605,
        "pctWithin1In": 23.52941176470588
      }
    },
    {
      "testSession": "BreastPhantom_A3_FishingWeight_20260618_1611",
      "trial": {
        "meanErrIn": 0.3767352292243997,
        "medianErrIn": 0.345937478250142,
        "pctWithinHalfIn": 76.59313725490196,
        "pctWithin1In": 99.75490196078431
      },
      "position": {
        "meanErrIn": 0.3435909302989539,
        "medianErrIn": 0.3194486884468673,
        "pctWithinHalfIn": 78.43137254901961,
        "pctWithin1In": 100.0,
        "medianSpreadIn": 0.1587558090686798
      },
      "stratified": {
        "nearInsert": {
          "n": 0
        },
        "exterior": {
          "n": 51,
          "meanErrIn": 0.3435909302989539,
          "medianErrIn": 0.3194486884468673,
          "pctWithinHalfIn": 78.43137254901961,
          "pctWithin1In": 100.0,
          "medianSpreadIn": 0.1587558090686798
        }
      },
      "baselineCentroid": {
        "meanErrIn": 1.3904503658861889,
        "medianErrIn": 1.3417410805586698,
        "pctWithinHalfIn": 7.8431372549019605,
        "pctWithin1In": 23.52941176470588
      }
    }
  ],
  "losoTrialMeanErr": [
    0.5272746105773852,
    0.19463421594066913
  ],
  "losoTrialMedianErr": [
    0.49894154542052505,
    0.19571268119428958
  ],
  "losoPosMeanErr": [
    0.5017720965582833,
    0.20334626624813218
  ],
  "losoPosMedianErr": [
    0.4724724114063376,
    0.1883605051240441
  ],
  "losoPosPctHalfIn": [
    59.47712418300654,
    25.43147249456695
  ],
  "losoPosPct1In": [
    91.50326797385621,
    12.016193667222375
  ],
  "losoPosMedianSpread": [
    0.14577043056488037,
    0.013449354960673933
  ],
  "losoNearInsertMedianErr": null,
  "losoNearInsertPctHalfIn": null,
  "losoNearInsertMedianSpread": null,
  "losoExteriorMedianErr": [
    0.4724724114063376,
    0.1883605051240441
  ],
  "losoExteriorPctHalfIn": [
    59.47712418300654,
    25.43147249456695
  ],
  "losoExteriorMedianSpread": [
    0.14577043056488037,
    0.013449354960673933
  ],
  "losoCentroidMedianErr": [
    1.3417410805586698,
    0.0
  ],
  "perPosition": [
    {
      "label": "R1C3P3",
      "pos": 10,
      "x": 2.875,
      "y": 0.875,
      "medianErrIn": 0.5979344876564492,
      "spreadIn": 0.2641136000553767,
      "nearInsert": false
    },
    {
      "label": "R1C3P4",
      "pos": 11,
      "x": 2.125,
      "y": 0.875,
      "medianErrIn": 0.44546291247002606,
      "spreadIn": 0.17556706567605337,
      "nearInsert": false
    },
    {
      "label": "R1C4P3",
      "pos": 14,
      "x": 3.875,
      "y": 0.875,
      "medianErrIn": 0.7984513750773093,
      "spreadIn": 0.2061711996793747,
      "nearInsert": false
    },
    {
      "label": "R1C4P4",
      "pos": 15,
      "x": 3.125,
      "y": 0.875,
      "medianErrIn": 0.5152084698008598,
      "spreadIn": 0.18922200798988342,
      "nearInsert": false
    },
    {
      "label": "R2C2P2",
      "pos": 29,
      "x": 1.875,
      "y": 1.125,
      "medianErrIn": 0.15402137034660354,
      "spreadIn": 0.1235315849383672,
      "nearInsert": false
    },
    {
      "label": "R2C2P3",
      "pos": 30,
      "x": 1.875,
      "y": 1.875,
      "medianErrIn": 0.3660848086517825,
      "spreadIn": 0.1117984727025032,
      "nearInsert": false
    },
    {
      "label": "R2C3P1",
      "pos": 32,
      "x": 2.125,
      "y": 1.125,
      "medianErrIn": 0.22262780856421194,
      "spreadIn": 0.12014882266521454,
      "nearInsert": false
    },
    {
      "label": "R2C3P2",
      "pos": 33,
      "x": 2.875,
      "y": 1.125,
      "medianErrIn": 0.5608359849887617,
      "spreadIn": 0.14074605703353882,
      "nearInsert": false
    },
    {
      "label": "R2C3P3",
      "pos": 34,
      "x": 2.875,
      "y": 1.875,
      "medianErrIn": 0.6875052298674929,
      "spreadIn": 0.16539190709590912,
      "nearInsert": false
    },
    {
      "label": "R2C3P4",
      "pos": 35,
      "x": 2.125,
      "y": 1.875,
      "medianErrIn": 0.2066242987269038,
      "spreadIn": 0.12462055186430614,
      "nearInsert": false
    },
    {
      "label": "R2C4P1",
      "pos": 36,
      "x": 3.125,
      "y": 1.125,
      "medianErrIn": 0.46216090146865635,
      "spreadIn": 0.1308059444030126,
      "nearInsert": false
    },
    {
      "label": "R2C4P2",
      "pos": 37,
      "x": 3.875,
      "y": 1.125,
      "medianErrIn": 0.4471807599804643,
      "spreadIn": 0.1765958070755005,
      "nearInsert": false
    },
    {
      "label": "R2C4P3",
      "pos": 38,
      "x": 3.875,
      "y": 1.875,
      "medianErrIn": 0.5372662044900872,
      "spreadIn": 0.1567844351132711,
      "nearInsert": false
    },
    {
      "label": "R2C4P4",
      "pos": 39,
      "x": 3.125,
      "y": 1.875,
      "medianErrIn": 0.5900894306087524,
      "spreadIn": 0.168392484386762,
      "nearInsert": false
    },
    {
      "label": "R2C5P1",
      "pos": 40,
      "x": 4.125,
      "y": 1.125,
      "medianErrIn": 0.38906304001888775,
      "spreadIn": 0.1928757776816686,
      "nearInsert": false
    },
    {
      "label": "R2C5P4",
      "pos": 43,
      "x": 4.125,
      "y": 1.875,
      "medianErrIn": 0.27752758029444674,
      "spreadIn": 0.18333024283250174,
      "nearInsert": false
    },
    {
      "label": "R3C2P2",
      "pos": 53,
      "x": 1.875,