{
  "method": "MLP-REG",
  "task": "regression_xy_inches",
  "setup": "A3_F4_SamMed",
  "sessionSet": "all4",
  "inputKind": "physics",
  "freqGrid": "native791",
  "preproc": "v2_no_session_mean",
  "adjustKey": "A3_F4",
  "ridge": false,
  "antennaMode": "all",
  "ports": [
    1,
    2,
    3,
    4
  ],
  "numSessions": 4,
  "sessionNames": [
    "BreastPhantom_A3_F4_FishingWeight_20260703_1623",
    "BreastPhantom_A3_F4_FishingWeight_20260703_1642",
    "BreastPhantom_A3_F4_FishingWeight_20260703_1707",
    "BreastPhantom_A3_F4_FishingWeight_20260703_1726"
  ],
  "numPositions": 39,
  "numAdjustedTargets": 16,
  "folds": [
    {
      "testSession": "BreastPhantom_A3_F4_FishingWeight_20260703_1623",
      "trial": {
        "meanErrIn": 0.9669989452402138,
        "medianErrIn": 0.8728411650961597,
        "pctWithinHalfIn": 21.153846153846153,
        "pctWithin1In": 58.65384615384615
      },
      "position": {
        "meanErrIn": 0.8832495691221925,
        "medianErrIn": 0.8196275120688672,
        "pctWithinHalfIn": 28.205128205128204,
        "pctWithin1In": 64.1025641025641,
        "medianSpreadIn": 0.3407368063926697
      },
      "stratified": {
        "nearInsert": {
          "n": 16,
          "meanErrIn": 0.9178951083494131,
          "medianErrIn": 0.8375558201222122,
          "pctWithinHalfIn": 18.75,
          "pctWithin1In": 62.5,
          "medianSpreadIn": 0.35529525578022003
        },
        "exterior": {
          "n": 23,
          "meanErrIn": 0.8591483244423871,
          "medianErrIn": 0.7434208163249192,
          "pctWithinHalfIn": 34.78260869565217,
          "pctWithin1In": 65.21739130434783,
          "medianSpreadIn": 0.32709574699401855
        }
      },
      "baselineCentroid": {
        "meanErrIn": 1.602660189168356,
        "medianErrIn": 1.7335226813966214,
        "pctWithinHalfIn": 7.6923076923076925,
        "pctWithin1In": 23.076923076923077
      }
    },
    {
      "testSession": "BreastPhantom_A3_F4_FishingWeight_20260703_1642",
      "trial": {
        "meanErrIn": 1.6731847187029398,
        "medianErrIn": 1.5678421400979947,
        "pctWithinHalfIn": 6.891025641025641,
        "pctWithin1In": 25.961538461538463
      },
      "position": {
        "meanErrIn": 1.6277728497728365,
        "medianErrIn": 1.7394547948398629,
        "pctWithinHalfIn": 10.256410256410255,
        "pctWithin1In": 25.64102564102564,
        "medianSpreadIn": 0.39555591344833374
      },
      "stratified": {
        "nearInsert": {
          "n": 16,
          "meanErrIn": 1.7943023553215784,
          "medianErrIn": 1.9734554531138886,
          "pctWithinHalfIn": 0.0,
          "pctWithin1In": 18.75,
          "medianSpreadIn": 0.4225969761610031
        },
        "exterior": {
          "n": 23,
          "meanErrIn": 1.5119262372171907,
          "medianErrIn": 1.284132728814403,
          "pctWithinHalfIn": 17.391304347826086,
          "pctWithin1In": 30.434782608695656,
          "medianSpreadIn": 0.34237635135650635
        }
      },
      "baselineCentroid": {
        "meanErrIn": 1.602660189168356,
        "medianErrIn": 1.7335226813966214,
        "pctWithinHalfIn": 7.6923076923076925,
        "pctWithin1In": 23.076923076923077
      }
    },
    {
      "testSession": "BreastPhantom_A3_F4_FishingWeight_20260703_1707",
      "trial": {
        "meanErrIn": 1.089449916977668,
        "medianErrIn": 0.9492914764611768,
        "pctWithinHalfIn": 17.94871794871795,
        "pctWithin1In": 53.044871794871796
      },
      "position": {
        "meanErrIn": 1.012787757515058,
        "medianErrIn": 0.8707044093445567,
        "pctWithinHalfIn": 17.94871794871795,
        "pctWithin1In": 61.53846153846154,
        "medianSpreadIn": 0.32710981369018555
      },
      "stratified": {
        "nearInsert": {
          "n": 16,
          "meanErrIn": 0.9033195362570742,
          "medianErrIn": 0.7997741812265275,
          "pctWithinHalfIn": 25.0,
          "pctWithin1In": 68.75,
          "medianSpreadIn": 0.32924845814704895
        },
        "exterior": {
          "n": 23,
          "meanErrIn": 1.088939563607568,
          "medianErrIn": 0.8751334753326486,
          "pctWithinHalfIn": 13.043478260869565,
          "pctWithin1In": 56.52173913043478,
          "medianSpreadIn": 0.326299250125885
        }
      },
      "baselineCentroid": {
        "meanErrIn": 1.602660189168356,
        "medianErrIn": 1.7335226813966214,
        "pctWithinHalfIn": 7.6923076923076925,
        "pctWithin1In": 23.076923076923077
      }
    },
    {
      "testSession": "BreastPhantom_A3_F4_FishingWeight_20260703_1726",
      "trial": {
        "meanErrIn": 1.1040966064933626,
        "medianErrIn": 1.0432638179577651,
        "pctWithinHalfIn": 17.628205128205128,
        "pctWithin1In": 47.756410256410255
      },
      "position": {
        "meanErrIn": 1.0050895550042773,
        "medianErrIn": 0.906265587970865,
        "pctWithinHalfIn": 20.51282051282051,
        "pctWithin1In": 53.84615384615385,
        "medianSpreadIn": 0.3923335075378418
      },
      "stratified": {
        "nearInsert": {
          "n": 16,
          "meanErrIn": 1.0519461145374205,
          "medianErrIn": 1.145705985168961,
          "pctWithinHalfIn": 18.75,
          "pctWithin1In": 43.75,
          "medianSpreadIn": 0.40316997468471527
        },
        "exterior": {
          "n": 23,
          "meanErrIn": 0.9724936875029604,
          "medianErrIn": 0.7260708089630916,
          "pctWithinHalfIn": 21.73913043478261,
          "pctWithin1In": 60.86956521739131,
          "medianSpreadIn": 0.3923335075378418
        }
      },
      "baselineCentroid": {
        "meanErrIn": 1.602660189168356,
        "medianErrIn": 1.7335226813966214,
        "pctWithinHalfIn": 7.6923076923076925,
        "pctWithin1In": 23.076923076923077
      }
    }
  ],
  "losoTrialMeanErr": [
    1.208432546853546,
    0.273554208471437
  ],
  "losoTrialMedianErr": [
    1.108309649903274,
    0.2720906359194779
  ],
  "losoPosMeanErr": [
    1.132224932853591,
    0.2906824353404936
  ],
  "losoPosMedianErr": [
    1.084013076056038,
    0.37967036030678225
  ],
  "losoPosPctHalfIn": [
    19.23076923076923,
    6.410256410256411
  ],
  "losoPosPct1In": [
    51.28205128205128,
    15.277404215144852
  ],
  "losoPosMedianSpread": [
    0.3639340102672577,
    0.030416311114109952
  ],
  "losoNearInsertMedianErr": [
    1.1891228599078973,
    0.4722960985525737
  ],
  "losoNearInsertPctHalfIn": [
    15.625,
    9.375
  ],
  "losoNearInsertMedianSpread": [
    0.37757766619324684,
    0.03712789614320562
  ],
  "losoExteriorMedianErr": [
    0.9071894573587657,
    0.2251321547791906
  ],
  "losoExteriorPctHalfIn": [
    21.73913043478261,
    8.134037797334654
  ],
  "losoExteriorMedianSpread": [
    0.3470262140035629,
    0.026931406465513928
  ],
  "losoCentroidMedianErr": [
    1.7335226813966214,
    0.0
  ],
  "perPosition": [
    {
      "label": "R1C3P2",
      "pos": 9,
      "x": 2.695,
      "y": 0.138,
      "medianErrIn": 1.1768500441329457,
      "spreadIn": 0.5696718394756317,
      "nearInsert": true
    },
    {
      "label": "R1C3P3",
      "pos": 10,
      "x": 2.656,
      "y": 0.851,
      "medianErrIn": 1.335136458871761,
      "spreadIn": 0.4410787522792816,
      "nearInsert": true
    },
    {
      "label": "R1C3P4",
      "pos": 11,
      "x": 2.125,
      "y": 0.875,
      "medianErrIn": 0.7390873427393014,
      "spreadIn": 0.4041781350970268,
      "nearInsert": false
    },
    {
      "label": "R1C4P1",
      "pos": 12,
      "x": 3.31,
      "y": 0.171,
      "medianErrIn": 1.9688097631894983,
      "spreadIn": 0.4438956305384636,
      "nearInsert": true
    },
    {
      "label": "R1C4P3",
      "pos": 14,
      "x": 3.875,
      "y": 0.875,
      "medianErrIn": 0.8161384898007868,
      "spreadIn": 0.4420746713876724,
      "nearInsert": false
    },
    {
      "label": "R1C4P4",
      "pos": 15,
      "x": 3.315,