{
  "method": "MLP-REG",
  "task": "regression_xy_inches",
  "setup": "A3_F4_SamMed",
  "sessionSet": "all4",
  "inputKind": "raw",
  "freqGrid": "native791",
  "preproc": "v2_no_session_mean",
  "adjustKey": "A3_F4",
  "ridge": false,
  "antennaMode": "all",
  "ports": [
    1,
    2,
    3,
    4
  ],
  "numSessions": 4,
  "sessionNames": [
    "BreastPhantom_A3_F4_FishingWeight_20260703_1623",
    "BreastPhantom_A3_F4_FishingWeight_20260703_1642",
    "BreastPhantom_A3_F4_FishingWeight_20260703_1707",
    "BreastPhantom_A3_F4_FishingWeight_20260703_1726"
  ],
  "numPositions": 39,
  "numAdjustedTargets": 16,
  "folds": [
    {
      "testSession": "BreastPhantom_A3_F4_FishingWeight_20260703_1623",
      "trial": {
        "meanErrIn": 0.7188046119318137,
        "medianErrIn": 0.6345070899387778,
        "pctWithinHalfIn": 34.93589743589743,
        "pctWithin1In": 79.00641025641025
      },
      "position": {
        "meanErrIn": 0.6478700044983741,
        "medianErrIn": 0.5792429930751806,
        "pctWithinHalfIn": 43.58974358974359,
        "pctWithin1In": 84.61538461538461
      },
      "snapTrialAccPct": 20.192307692307693,
      "snapPosAccPct": 25.64102564102564,
      "baselineCentroid": {
        "meanErrIn": 1.602660189168356,
        "medianErrIn": 1.7335226813966214,
        "pctWithinHalfIn": 7.6923076923076925,
        "pctWithin1In": 23.076923076923077
      }
    },
    {
      "testSession": "BreastPhantom_A3_F4_FishingWeight_20260703_1642",
      "trial": {
        "meanErrIn": 0.8013531684838509,
        "medianErrIn": 0.7603904393147887,
        "pctWithinHalfIn": 25.961538461538463,
        "pctWithin1In": 67.46794871794873
      },
      "position": {
        "meanErrIn": 0.7254355236346518,
        "medianErrIn": 0.6743097074332214,
        "pctWithinHalfIn": 25.64102564102564,
        "pctWithin1In": 74.35897435897436
      },
      "snapTrialAccPct": 18.429487179487182,
      "snapPosAccPct": 23.076923076923077,
      "baselineCentroid": {
        "meanErrIn": 1.602660189168356,
        "medianErrIn": 1.7335226813966214,
        "pctWithinHalfIn": 7.6923076923076925,
        "pctWithin1In": 23.076923076923077
      }
    },
    {
      "testSession": "BreastPhantom_A3_F4_FishingWeight_20260703_1707",
      "trial": {
        "meanErrIn": 0.9345354989487777,
        "medianErrIn": 0.8871971916503807,
        "pctWithinHalfIn": 17.467948717948715,
        "pctWithin1In": 58.01282051282052
      },
      "position": {
        "meanErrIn": 0.8981365533589181,
        "medianErrIn": 0.8611726211378795,
        "pctWithinHalfIn": 12.82051282051282,
        "pctWithin1In": 58.97435897435898
      },
      "snapTrialAccPct": 11.698717948717949,
      "snapPosAccPct": 12.82051282051282,
      "baselineCentroid": {
        "meanErrIn": 1.602660189168356,
        "medianErrIn": 1.7335226813966214,
        "pctWithinHalfIn": 7.6923076923076925,
        "pctWithin1In": 23.076923076923077
      }
    },
    {
      "testSession": "BreastPhantom_A3_F4_FishingWeight_20260703_1726",
      "trial": {
        "meanErrIn": 0.7407905680121545,
        "medianErrIn": 0.7276306710967968,
        "pctWithinHalfIn": 30.288461538461537,
        "pctWithin1In": 76.76282051282051
      },
      "position": {
        "meanErrIn": 0.6796359570467886,
        "medianErrIn": 0.6665324453527411,
        "pctWithinHalfIn": 33.33333333333333,
        "pctWithin1In": 79.48717948717949
      },
      "snapTrialAccPct": 21.153846153846153,
      "snapPosAccPct": 23.076923076923077,
      "baselineCentroid": {
        "meanErrIn": 1.602660189168356,
        "medianErrIn": 1.7335226813966214,
        "pctWithinHalfIn": 7.6923076923076925,
        "pctWithin1In": 23.076923076923077
      }
    }
  ],
  "losoTrialMeanErr": [
    0.7988709618441492,
    0.08395680513451467
  ],
  "losoTrialMedianErr": [
    0.752431348000186,
    0.0904798098521195
  ],
  "losoPosMeanErr": [
    0.7377695096346832,
    0.09660634927858315
  ],
  "losoPosMedianErr": [
    0.6953144417497557,
    0.10277538500008591
  ],
  "losoPosPctHalfIn": [
    28.846153846153843,
    11.231676582009763
  ],
  "losoPosPct1In": [
    74.35897435897436,
    9.593993299420362
  ],
  "losoSnapTrialAccPct": [
    17.868589743589745,
    3.6937277473128556
  ],
  "losoSnapPosAccPct": [
    21.153846153846153,
    4.923811376838851
  ],
  "losoCentroidMedianErr": [
    1.7335226813966214,
    0.0
  ],
  "perPosition": [
    {
      "label": "R1C3P2",
      "pos": 9,
      "x": 2.695,
      "y": 0.138,
      "medianErrIn": 0.583932742479794,
      "snapAccPct": 75.0
    },
    {
      "label": "R1C3P3",
      "pos": 10,
      "x": 2.656,
      "y": 0.851,
      "medianErrIn": 0.8026925681734781,
      "snapAccPct": 0.0
    },
    {
      "label": "R1C3P4",
      "pos": 11,
      "x": 2.125,
      "y": 0.875,
      "medianErrIn": 0.6070649452481646,
      "snapAccPct": 50.0
    },
    {
      "label": "R1C4P1",
      "pos": 12,
      "x": 3.31,
      "y": 0.171,
      "medianErrIn": 0.9630519357818801,
      "snapAccPct": 25.0
    },
    {
      "label": "R1C4P3",
      "pos": 14,
      "x": 3.875,
      "y": 0.875,
      "medianErrIn": 1.0457393042808634,
      "snapAccPct": 0.0
    },
    {
      "label": "R1C4P4",
      "pos": 15,
      "x": 3.315,
      "y": 0.875,
      "medianErrIn": 0.6229673012078231,
      "snapAccPct": 25.0
    },
    {
      "label": "R2C2P2",
      "pos": 29,
      "x": 1.875,
      "y": 1.125,
      "medianErrIn": 1.371853781465213,
      "snapAccPct": 0.0
    },
    {
      "label": "R2C3P1",
      "pos": 32,
      "x": 2.125,
      "y": 1.125,
      "medianErrIn": 0.9768799308208667,
      "snapAccPct": 0.0
    },
    {
      "label": "R2C3P2",
      "pos": 33,
      "x": 2.66,
      "y": 1.148,
      "medianErrIn": 0.7267287237275655,
      "snapAccPct": 0.0
    },
    {
      "label": "R2C3P3",
      "pos": 34,
      "x": 2.666,
      "y": 1.76,
      "medianErrIn": 1.2690265491623847,
      "snapAccPct": 0.0
    },
    {
      "label": "R2C4P1",
      "pos": 36,
      "x": 3.319,
      "y": 1.154,
      "medianErrIn": 0.364785183713507,
      "snapAccPct": 25.0
    },
    {
      "label": "R2C4P2",
      "pos": 37,
      "x": 3.875,
      "y": 1.125,
      "medianErrIn": 0.5246881995424756,
      "snapAccPct": 0.0
    },
    {
      "label": "R2C4P3",
      "pos": 38,
      "x": 3.875,
      "y": 1.875,
      "medianErrIn": 0.5391454535777913,
      "snapAccPct": 25.0
    },
    {
      "label": "R2C4P4",
      "pos": 39,
      "x": 3.306,
      "y": 1.84,
      "medianErrIn": 0.7326082165485504,
      "snapAccPct": 25.0
    },
    {
      "label": "R2C5P1",
      "pos": 40,
      "x": 4.125,
      "y": 1.125,
      "medianErrIn": 0.5777381543325332,
      "snapAccPct": 25.0
    },
    {
      "label": "R2C5P4",
      "pos": 43,
      "x": 4.125,
      "y": 1.875,
      "medianErrIn": 0.7458528865888825,
      "snapAccPct": 25.0
    },
    {
      "label": "R3C3P1",
      "pos": 56,
      "x": 2.125,
      "y": 2.125,
      "medianErrIn": 0.5936611783588739,
      "snapAccPct": 50.0
    },
    {
      "label": "R3C3P2",
      "pos": 57,
      "x": 2.804,
      "y": 2.255,
      "medianErrIn": 0.823696102886024,
      "snapAccPct": 25.0
    },
    {
      "label": "R3C3P3",
      "pos": 58,
      "x": 2.875,
      "y": 2.875,
      "medianErrIn": 0.6202157631300051,
      "snapAccPct": 50.0
    },
    {
      "label": "R3C3P4",
      "pos": 59,
      "x": 2.125,
      "y": 2.875,
      "medianErrIn": 0.6234868582995785,
      "snapAccPct": 50.0
    },
    {
      "label": "R3C4P2",
      "pos": 61,
      "x": 3.875,
      "y": 2.125,
      "medianErrIn": 0.6473922733006924,
      "snapAccPct": 0.0
    },
    {
      "label": "R3C4P3",
      "pos": 62,
      "x": 3.846,
      "y": 2.668,
      "medianErrIn": 0.6585808351462229,
      "snapAccPct": 0.0
    },
    {
      "label": "R3C5P1",
      "pos": 64,
      "x": 4.125,
      "y": 2.125,