{
  "method": "MLP-REG",
  "task": "regression_xy_inches",
  "setup": "June18",
  "sessionSet": "remap",
  "inputKind": "physics",
  "freqGrid": "native791",
  "preproc": "v2_no_session_mean",
  "adjustKey": "A3_Empty",
  "ridge": false,
  "antennaMode": "all",
  "ports": [
    1,
    2,
    3,
    4
  ],
  "numSessions": 3,
  "sessionNames": [
    "BreastPhantom_A3_FishingWeight_20260618_1530",
    "BreastPhantom_A3_FishingWeight_20260618_1547",
    "BreastPhantom_A3_FishingWeight_20260618_1611"
  ],
  "numPositions": 51,
  "numAdjustedTargets": 0,
  "folds": [
    {
      "testSession": "BreastPhantom_A3_FishingWeight_20260618_1530",
      "trial": {
        "meanErrIn": 1.6063017471994006,
        "medianErrIn": 1.4515767184705632,
        "pctWithinHalfIn": 5.514705882352941,
        "pctWithin1In": 24.754901960784316
      },
      "position": {
        "meanErrIn": 1.5903656583746277,
        "medianErrIn": 1.4730739239953683,
        "pctWithinHalfIn": 5.88235294117647,
        "pctWithin1In": 27.450980392156865,
        "medianSpreadIn": 0.26395082473754883
      },
      "stratified": {
        "nearInsert": {
          "n": 0
        },
        "exterior": {
          "n": 51,
          "meanErrIn": 1.5903656583746277,
          "medianErrIn": 1.4730739239953683,
          "pctWithinHalfIn": 5.88235294117647,
          "pctWithin1In": 27.450980392156865,
          "medianSpreadIn": 0.26395082473754883
        }
      },
      "baselineCentroid": {
        "meanErrIn": 1.3904503658861889,
        "medianErrIn": 1.3417410805586698,
        "pctWithinHalfIn": 7.8431372549019605,
        "pctWithin1In": 23.52941176470588
      }
    },
    {
      "testSession": "BreastPhantom_A3_FishingWeight_20260618_1547",
      "trial": {
        "meanErrIn": 1.6306234094265628,
        "medianErrIn": 1.4996264027126212,
        "pctWithinHalfIn": 6.25,
        "pctWithin1In": 26.838235294117645
      },
      "position": {
        "meanErrIn": 1.5986084976109651,
        "medianErrIn": 1.4555170545670941,
        "pctWithinHalfIn": 7.8431372549019605,
        "pctWithin1In": 29.411764705882355,
        "medianSpreadIn": 0.31200110912323
      },
      "stratified": {
        "nearInsert": {
          "n": 0
        },
        "exterior": {
          "n": 51,
          "meanErrIn": 1.5986084976109651,
          "medianErrIn": 1.4555170545670941,
          "pctWithinHalfIn": 7.8431372549019605,
          "pctWithin1In": 29.411764705882355,
          "medianSpreadIn": 0.31200110912323
        }
      },
      "baselineCentroid": {
        "meanErrIn": 1.3904503658861889,
        "medianErrIn": 1.3417410805586698,
        "pctWithinHalfIn": 7.8431372549019605,
        "pctWithin1In": 23.52941176470588
      }
    },
    {
      "testSession": "BreastPhantom_A3_FishingWeight_20260618_1611",
      "trial": {
        "meanErrIn": 1.2742652592404766,
        "medianErrIn": 1.1688145837743675,
        "pctWithinHalfIn": 16.05392156862745,
        "pctWithin1In": 43.504901960784316
      },
      "position": {
        "meanErrIn": 1.2287890940592403,
        "medianErrIn": 1.060232516353007,
        "pctWithinHalfIn": 19.607843137254903,
        "pctWithin1In": 47.05882352941176,
        "medianSpreadIn": 0.27451372146606445
      },
      "stratified": {
        "nearInsert": {
          "n": 0
        },
        "exterior": {
          "n": 51,
          "meanErrIn": 1.2287890940592403,
          "medianErrIn": 1.060232516353007,
          "pctWithinHalfIn": 19.607843137254903,
          "pctWithin1In": 47.05882352941176,
          "medianSpreadIn": 0.27451372146606445
        }
      },
      "baselineCentroid": {
        "meanErrIn": 1.3904503658861889,
        "medianErrIn": 1.3417410805586698,
        "pctWithinHalfIn": 7.8431372549019605,
        "pctWithin1In": 23.52941176470588
      }
    }
  ],
  "losoTrialMeanErr": [
    1.5037301386221467,
    0.1625596997323472
  ],
  "losoTrialMedianErr": [
    1.3733392349858506,
    0.1459450644450952
  ],
  "losoPosMeanErr": [
    1.4725877500149445,
    0.1724245237469134
  ],
  "losoPosMedianErr": [
    1.3296078316384898,
    0.19061192036857733
  ],
  "losoPosPctHalfIn": [
    11.111111111111112,
    6.06118855914752
  ],
  "losoPosPct1In": [
    34.64052287581699,
    8.817475531524208
  ],
  "losoPosMedianSpread": [
    0.28348855177561444,
    0.020617438277667138
  ],
  "losoNearInsertMedianErr": null,
  "losoNearInsertPctHalfIn": null,
  "losoNearInsertMedianSpread": null,
  "losoExteriorMedianErr": [
    1.3296078316384898,
    0.19061192036857733
  ],
  "losoExteriorPctHalfIn": [
    11.111111111111112,
    6.06118855914752
  ],
  "losoExteriorMedianSpread": [
    0.28348855177561444,
    0.020617438277667138
  ],
  "losoCentroidMedianErr": [
    1.3417410805586698,
    0.0
  ],
  "perPosition": [
    {
      "label": "R1C3P3",
      "pos": 10,
      "x": 2.875,
      "y": 0.875,
      "medianErrIn": 2.075698064285022,
      "spreadIn": 0.34776652852694195,
      "nearInsert": false
    },
    {
      "label": "R1C3P4",
      "pos": 11,
      "x": 2.125,
      "y": 0.875,
      "medianErrIn": 1.7510322821366262,
      "spreadIn": 0.2390741209189097,
      "nearInsert": false
    },
    {
      "label": "R1C4P3",
      "pos": 14,
      "x": 3.875,
      "y": 0.875,
      "medianErrIn": 1.317845111418411,
      "spreadIn": 0.29728952050209045,
      "nearInsert": false
    },
    {
      "label": "R1C4P4",
      "pos": 15,
      "x": 3.125,
      "y": 0.875,
      "medianErrIn": 1.3855369852452142,
      "spreadIn": 0.33485979835192364,
      "nearInsert": false
    },
    {
      "label": "R2C2P2",
      "pos": 29,
      "x": 1.875,
      "y": 1.125,
      "medianErrIn": 1.0807115238639964,
      "spreadIn": 0.24375847478707632,
      "nearInsert": false
    },
    {
      "label": "R2C2P3",
      "pos": 30,
      "x": 1.875,
      "y": 1.875,
      "medianErrIn": 1.0073801856167093,
      "spreadIn": 0.2651741604010264,
      "nearInsert": false
    },
    {
      "label": "R2C3P1",
      "pos": 32,
      "x": 2.125,
      "y": 1.125,
      "medianErrIn": 1.0837684230568678,
      "spreadIn": 0.33401238918304443,
      "nearInsert": false
    },
    {
      "label": "R2C3P2",
      "pos": 33,
      "x": 2.875,
      "y": 1.125,
      "medianErrIn": 1.4137635544680556,
      "spreadIn": 0.2298213690519333,
      "nearInsert": false
    },
    {
      "label": "R2C3P3",
      "pos": 34,
      "x": 2.875,
      "y": 1.875,
      "medianErrIn": 1.06816518845376,
      "spreadIn": 0.266565481821696,
      "nearInsert": false
    },
    {
      "label": "R2C3P4",
      "pos": 35,
      "x": 2.125,
      "y": 1.875,
      "medianErrIn": 1.680669888112364,
      "spreadIn": 0.2656084895133972,
      "nearInsert": false
    },
    {
      "label": "R2C4P1",
      "pos": 36,
      "x": 3.125,
      "y": 1.125,
      "medianErrIn": 1.712624484112565,
      "spreadIn": 0.3059556980927785,
      "nearInsert": false
    },
    {
      "label": "R2C4P2",
      "pos": 37,
      "x": 3.875,
      "y": 1.125,
      "medianErrIn": 1.6957733609454853,
      "spreadIn": 0.31245846549669903,
      "nearInsert": false
    },
    {
      "label": "R2C4P3",
      "pos": 38,
      "x": 3.875,
      "y": 1.875,
      "medianErrIn": 1.9314220256387118,
      "spreadIn": 0.2861584822336833,
      "nearInsert": false
    },
    {
      "label": "R2C4P4",
      "pos": 39,
      "x": 3.125,
      "y": 1.875,
      "medianErrIn": 1.3554249318179148,
      "spreadIn": 0.23821387688318887,
      "nearInsert": false
    },
    {
      "label": "R2C5P1",
      "pos": 40,
      "x": 4.125,
      "y": 1.125,
      "medianErrIn": 2.220483869388194,
      "spreadIn": 0.22769678135712942,
      "nearInsert": false
    },
    {
      "label": "R2C5P4",
      "pos": 43,
      "x": 4.125,
      "y": 1.875,
      "medianErrIn": 2.10999215705685,
      "spreadIn": 0.27882468700408936,
      "nearInsert": false
    },
    {
      "label": "R3C2P2",