{
  "method": "MLP-REG",
  "task": "regression_xy_inches",
  "setup": "June18",
  "sessionSet": "remap",
  "inputKind": "raw",
  "freqGrid": "native791",
  "preproc": "v2_no_session_mean",
  "adjustKey": "A3_Empty",
  "ridge": false,
  "antennaMode": "all",
  "ports": [
    1,
    2,
    3,
    4
  ],
  "numSessions": 3,
  "sessionNames": [
    "BreastPhantom_A3_FishingWeight_20260618_1530",
    "BreastPhantom_A3_FishingWeight_20260618_1547",
    "BreastPhantom_A3_FishingWeight_20260618_1611"
  ],
  "numPositions": 51,
  "numAdjustedTargets": 0,
  "folds": [
    {
      "testSession": "BreastPhantom_A3_FishingWeight_20260618_1530",
      "trial": {
        "meanErrIn": 0.6025486008700802,
        "medianErrIn": 0.5048814017522331,
        "pctWithinHalfIn": 48.89705882352941,
        "pctWithin1In": 85.29411764705883
      },
      "position": {
        "meanErrIn": 0.5615363612019941,
        "medianErrIn": 0.47477932601518796,
        "pctWithinHalfIn": 54.90196078431373,
        "pctWithin1In": 86.27450980392157
      },
      "snapTrialAccPct": 22.30392156862745,
      "snapPosAccPct": 25.49019607843137,
      "baselineCentroid": {
        "meanErrIn": 1.3904503658861889,
        "medianErrIn": 1.3417410805586698,
        "pctWithinHalfIn": 7.8431372549019605,
        "pctWithin1In": 23.52941176470588
      }
    },
    {
      "testSession": "BreastPhantom_A3_FishingWeight_20260618_1547",
      "trial": {
        "meanErrIn": 0.5106735129904489,
        "medianErrIn": 0.45598485809225126,
        "pctWithinHalfIn": 56.372549019607845,
        "pctWithin1In": 94.85294117647058
      },
      "position": {
        "meanErrIn": 0.4667479194469827,
        "medianErrIn": 0.392899918657929,
        "pctWithinHalfIn": 62.745098039215684,
        "pctWithin1In": 98.0392156862745
      },
      "snapTrialAccPct": 22.67156862745098,
      "snapPosAccPct": 25.49019607843137,
      "baselineCentroid": {
        "meanErrIn": 1.3904503658861889,
        "medianErrIn": 1.3417410805586698,
        "pctWithinHalfIn": 7.8431372549019605,
        "pctWithin1In": 23.52941176470588
      }
    },
    {
      "testSession": "BreastPhantom_A3_FishingWeight_20260618_1611",
      "trial": {
        "meanErrIn": 0.6174760646630609,
        "medianErrIn": 0.5755892936199103,
        "pctWithinHalfIn": 41.05392156862745,
        "pctWithin1In": 87.25490196078431
      },
      "position": {
        "meanErrIn": 0.5888525981206659,
        "medianErrIn": 0.5758898826872064,
        "pctWithinHalfIn": 45.09803921568628,
        "pctWithin1In": 90.19607843137256
      },
      "snapTrialAccPct": 17.647058823529413,
      "snapPosAccPct": 19.607843137254903,
      "baselineCentroid": {
        "meanErrIn": 1.3904503658861889,
        "medianErrIn": 1.3417410805586698,
        "pctWithinHalfIn": 7.8431372549019605,
        "pctWithin1In": 23.52941176470588
      }
    }
  ],
  "losoTrialMeanErr": [
    0.5768993928411966,
    0.04722363578637958
  ],
  "losoTrialMedianErr": [
    0.5121518511547982,
    0.049098199731822695
  ],
  "losoPosMeanErr": [
    0.5390456262565476,
    0.052324392063935195
  ],
  "losoPosMedianErr": [
    0.4811897091201078,
    0.0748427306312953
  ],
  "losoPosPctHalfIn": [
    54.248366013071895,
    7.219190207311933
  ],
  "losoPosPct1In": [
    91.50326797385621,
    4.89105540754763
  ],
  "losoSnapTrialAccPct": [
    20.874183006535947,
    2.2868521245552946
  ],
  "losoSnapPosAccPct": [
    23.529411764705884,
    2.7729677693590085
  ],
  "losoCentroidMedianErr": [
    1.3417410805586698,
    0.0
  ],
  "perPosition": [
    {
      "label": "R1C3P3",
      "pos": 10,
      "x": 2.875,
      "y": 0.875,
      "medianErrIn": 0.6654467652188655,
      "snapAccPct": 33.33333333333333
    },
    {
      "label": "R1C3P4",
      "pos": 11,
      "x": 2.125,
      "y": 0.875,
      "medianErrIn": 0.34851673683983075,
      "snapAccPct": 33.33333333333333
    },
    {
      "label": "R1C4P3",
      "pos": 14,
      "x": 3.875,
      "y": 0.875,
      "medianErrIn": 0.4732475198489286,
      "snapAccPct": 66.66666666666666
    },
    {
      "label": "R1C4P4",
      "pos": 15,
      "x": 3.125,
      "y": 0.875,
      "medianErrIn": 0.766770502617914,
      "snapAccPct": 0.0
    },
    {
      "label": "R2C2P2",
      "pos": 29,
      "x": 1.875,
      "y": 1.125,
      "medianErrIn": 0.4782224036799228,
      "snapAccPct": 33.33333333333333
    },
    {
      "label": "R2C2P3",
      "pos": 30,
      "x": 1.875,
      "y": 1.875,
      "medianErrIn": 0.4480112894492074,
      "snapAccPct": 0.0
    },
    {
      "label": "R2C3P1",
      "pos": 32,
      "x": 2.125,
      "y": 1.125,
      "medianErrIn": 0.40949996590364246,
      "snapAccPct": 33.33333333333333
    },
    {
      "label": "R2C3P2",
      "pos": 33,
      "x": 2.875,
      "y": 1.125,
      "medianErrIn": 0.6144589482223656,
      "snapAccPct": 0.0
    },
    {
      "label": "R2C3P3",
      "pos": 34,
      "x": 2.875,
      "y": 1.875,
      "medianErrIn": 0.38858075233233985,
      "snapAccPct": 33.33333333333333
    },
    {
      "label": "R2C3P4",
      "pos": 35,
      "x": 2.125,
      "y": 1.875,
      "medianErrIn": 0.46649573997046007,
      "snapAccPct": 33.33333333333333
    },
    {
      "label": "R2C4P1",
      "pos": 36,
      "x": 3.125,
      "y": 1.125,
      "medianErrIn": 0.6107096373109059,
      "snapAccPct": 33.33333333333333
    },
    {
      "label": "R2C4P2",
      "pos": 37,
      "x": 3.875,
      "y": 1.125,
      "medianErrIn": 0.5048326525573908,
      "snapAccPct": 33.33333333333333
    },
    {
      "label": "R2C4P3",
      "pos": 38,
      "x": 3.875,
      "y": 1.875,
      "medianErrIn": 0.45822434080144764,
      "snapAccPct": 66.66666666666666
    },
    {
      "label": "R2C4P4",
      "pos": 39,
      "x": 3.125,
      "y": 1.875,
      "medianErrIn": 0.8017955684654495,
      "snapAccPct": 0.0
    },
    {
      "label": "R2C5P1",
      "pos": 40,
      "x": 4.125,
      "y": 1.125,
      "medianErrIn": 0.6352289531126591,
      "snapAccPct": 0.0
    },
    {
      "label": "R2C5P4",
      "pos": 43,
      "x": 4.125,
      "y": 1.875,
      "medianErrIn": 0.7555715010598799,
      "snapAccPct": 0.0
    },
    {
      "label": "R3C2P2",
      "pos": 53,
      "x": 1.875,
      "y": 2.125,
      "medianErrIn": 0.3302200676371522,
      "snapAccPct": 33.33333333333333
    },
    {
      "label": "R3C2P3",
      "pos": 54,
      "x": 1.875,
      "y": 2.875,
      "medianErrIn": 0.6513314325160412,
      "snapAccPct": 33.33333333333333
    },
    {
      "label": "R3C3P1",
      "pos": 56,
      "x": 2.125,
      "y": 2.125,
      "medianErrIn": 0.5490658386112965,
      "snapAccPct": 0.0
    },
    {
      "label": "R3C3P2",
      "pos": 57,
      "x": 2.875,
      "y": 2.125,
      "medianErrIn": 0.5053399967909125,
      "snapAccPct": 33.33333333333333
    },
    {
      "label": "R3C3P3",
      "pos": 58,
      "x": 2.875,
      "y": 2.875,
      "medianErrIn": 0.7263232053675241,
      "snapAccPct": 0.0
    },
    {
      "label": "R3C3P4",
      "pos": 59,
      "x": 2.125,
      "y": 2.875,
      "medianErrIn": 0.4979374619653926,
      "snapAccPct": 0.0
    },
    {
      "label": "R3C4P1",
      "pos": 60,
      "x": 3.125,
      "y": 2.125,
      "medianErrIn": 0.6441301008337811,
      "snapAccPct": 0.0
    },
    {
      "label": "R3C4P2",
      "pos": 61,
      "x": 3.875,
      "y": 2.125,
      "medianErrIn": 0.830478891052754,
      "snapAccPct": 0.0
    },
    {
      "label": "R3C4P3",
      "pos": 62,
      "x": 3.875,
      "y": 2.875,
      "medianErrIn": 0.4717764987573954,
      "snapAccPct": 33.33333333333333
    },
    {
      "label": "R3C4P4",
      "pos": 63,
      "x": 3.125,
      "y": 2.875,
      "medianErrIn": 0.4916396054553622,
      "snapAccPct": 0.0
    },
    {
      "label": "R3C5P1",
      "pos": 64,
      "x": 4.125,
      "y": 2.125,
      "medianErrIn": 0.9733773789158856,