{
 "raw_r": 0.6133882393290251,
 "r2_ridge": 0.6522103175605749,
 "r2_mlp": -0.030122745626311377,
 "learned_r": 0.7071940155545563
}